"identif","ds","carga","intensidad","ocupacion","vmed","vel.med","carga.med","carga.15","vmed.15","carga.30","vmed.30","carga.45","vmed.45","Hora","diaSemana","diaMes","Mes","fechaTrunc","Dia_semana","festivo","Tipo de Festivo","Festividad"
"PM10001",2016-03-12 01:00:00,0.15,991,3,42.8369868,0.1639255,0.4127924,0.12,0.5295983,0.12,0.6768183,0.09,0.676717,"01","Saturday","12","03",2016-03-12,"sabado","sabado",NA,NA
"PM10001",2016-03-12 01:15:00,0.12,847,1,39.2015074,0.1639255,0.4127924,0.12,0.6769837,0.09,0.6768183,0.1,0.676717,"01","Saturday","12","03",2016-03-12,"sabado","sabado",NA,NA
"PM10001",2016-03-12 01:30:00,0.12,805,2,50.107953,0.1639255,0.4127924,0.09,0.6769837,0.1,0.6768183,0.1,0.5784828,"01","Saturday","12","03",2016-03-12,"sabado","sabado",NA,NA
"PM10001",2016-03-12 01:45:00,0.09,548,1,50.107953,0.1639255,0.4127924,0.1,0.6769837,0.1,0.5785629,0.09,0.676717,"01","Saturday","12","03",2016-03-12,"sabado","sabado",NA,NA
"PM10001",2016-03-12 02:00:00,0.1,636,1,50.107953,0.1639255,0.4127924,0.1,0.5787268,0.09,0.6768183,0.09,0.6275999,"02","Saturday","12","03",2016-03-12,"sabado","sabado",NA,NA
"PM10001",2016-03-12 02:15:00,0.1,561,1,42.8369868,0.1639255,0.4127924,0.09,0.6769837,0.09,0.6276906,0.07,0.4311316,"02","Saturday","12","03",2016-03-12,"sabado","sabado",NA,NA
"PM10001",2016-03-12 02:30:00,0.09,564,1,50.107953,0.1639255,0.4127924,0.09,0.6278552,0.07,0.4311797,0.07,0.676717,"02","Saturday","12","03",2016-03-12,"sabado","sabado",NA,NA
"PM10005",2016-03-12 01:00:00,0.14,288,2,79.19184,0.03871371,0.3220621,0.15,1.070011,0.1,1.118968,0.09,1.266122,"01","Saturday","12","03",2016-03-12,"sabado","sabado",NA,NA
"PM10005",2016-03-12 01:15:00,0.15,320,2,79.19184,0.03871371,0.3220621,0.1,1.11914,0.09,1.266351,0.09,1.266122,"01","Saturday","12","03",2016-03-12,"sabado","sabado",NA,NA
"PM10005",2016-03-12 01:30:00,0.1,223,2,82.827312,0.03871371,0.3220621,0.09,1.266525,0.09,1.266351,0.07,0.9223024,"01","Saturday","12","03",2016-03-12,"sabado","sabado",NA,NA
"PM10005",2016-03-12 01:45:00,0.09,187,0,93.733728,0.03871371,0.3220621,0.09,1.266525,0.07,0.9224569,0.07,0.9714195,"01","Saturday","12","03",2016-03-12,"sabado","sabado",NA,NA
"PM10005",2016-03-12 02:00:00,0.09,204,1,93.733728,0.03871371,0.3220621,0.07,0.9226259,0.07,0.9715846,0.04,1.46259,"02","Saturday","12","03",2016-03-12,"sabado","sabado",NA,NA
"PM10005",2016-03-12 02:15:00,0.07,155,1,68.2853648,0.03871371,0.3220621,0.07,0.9717544,0.04,1.462862,0.05,0.6275999,"02","Saturday","12","03",2016-03-12,"sabado","sabado",NA,NA
"PM10005",2016-03-12 02:30:00,0.07,164,1,71.9208442,0.03871371,0.3220621,0.04,1.463039,0.05,0.6276906,0.05,1.266122,"02","Saturday","12","03",2016-03-12,"sabado","sabado",NA,NA
"PM10021",2016-03-12 01:00:00,0.14,980,3,90.098256,1.004577,0.4329719,0.13,1.168268,0.12,1.168095,0.08,1.266122,"01","Saturday","12","03",2016-03-12,"sabado","sabado",NA,NA
"PM10021",2016-03-12 01:15:00,0.13,832,2,86.462784,1.004577,0.4329719,0.12,1.168268,0.08,1.266351,0.1,1.217005,"01","Saturday","12","03",2016-03-12,"sabado","sabado",NA,NA
"PM10021",2016-03-12 01:30:00,0.12,760,2,86.462784,1.004577,0.4329719,0.08,1.266525,0.1,1.217223,0.09,1.364356,"01","Saturday","12","03",2016-03-12,"sabado","sabado",NA,NA
"PM10021",2016-03-12 01:45:00,0.08,527,1,93.733728,1.004577,0.4329719,0.1,1.217397,0.09,1.364606,0.09,1.266122,"01","Saturday","12","03",2016-03-12,"sabado","sabado",NA,NA
"PM10021",2016-03-12 02:00:00,0.1,644,1,90.098256,1.004577,0.4329719,0.09,1.364782,0.09,1.266351,0.09,1.217005,"02","Saturday","12","03",2016-03-12,"sabado","sabado",NA,NA
"PM10021",2016-03-12 02:15:00,0.09,625,1,101.004672,1.004577,0.4329719,0.09,1.266525,0.09,1.217223,0.09,1.266122,"02","Saturday","12","03",2016-03-12,"sabado","sabado",NA,NA
"PM10021",2016-03-12 02:30:00,0.09,531,1,93.733728,1.004577,0.4329719,0.09,1.217397,0.09,1.266351,0.05,1.46259,"02","Saturday","12","03",2016-03-12,"sabado","sabado",NA,NA
"PM10091",2016-03-12 01:00:00,0.17,1133,3,104.640218,1.338153,0.4815085,0.15,1.315654,0.16,1.364606,0.1,1.413473,"01","Saturday","12","03",2016-03-12,"sabado","sabado",NA,NA
"PM10091",2016-03-12 01:15:00,0.15,1012,3,97.3692,1.338153,0.4815085,0.16,1.364782,0.1,1.413734,0.12,1.46259,"01","Saturday","12","03",2016-03-12,"sabado","sabado",NA,NA
"PM10091",2016-03-12 01:30:00,0.16,1008,2,101.004672,1.338153,0.4815085,0.1,1.413911,0.12,1.462862,0.11,1.560824,"01","Saturday","12","03",2016-03-12,"sabado","sabado",NA,NA
"PM10091",2016-03-12 01:45:00,0.1,660,2,104.640218,1.338153,0.4815085,0.12,1.463039,0.11,1.561117,0.11,1.413473,"01","Saturday","12","03",2016-03-12,"sabado","sabado",NA,NA
"PM10091",2016-03-12 02:00:00,0.12,776,1,108.27569,1.338153,0.4815085,0.11,1.561296,0.11,1.413734,0.09,1.560824,"02","Saturday","12","03",2016-03-12,"sabado","sabado",NA,NA
"PM10091",2016-03-12 02:15:00,0.11,728,1,115.546634,1.338153,0.4815085,0.11,1.413911,0.09,1.561117,0.1,1.46259,"02","Saturday","12","03",2016-03-12,"sabado","sabado",NA,NA
"PM10091",2016-03-12 02:30:00,0.11,635,1,104.640218,1.338153,0.4815085,0.09,1.561296,0.1,1.462862,0.07,1.659059,"02","Saturday","12","03",2016-03-12,"sabado","sabado",NA,NA
"PM10141",2016-03-12 01:00:00,0.11,623,2,122.817578,1.752918,0.3500854,0.1,1.512167,0.1,1.561117,0.07,1.609941,"01","Saturday","12","03",2016-03-12,"sabado","sabado",NA,NA
"PM10141",2016-03-12 01:15:00,0.1,624,2,111.911162,1.752918,0.3500854,0.1,1.561296,0.07,1.610245,0.09,1.511707,"01","Saturday","12","03",2016-03-12,"sabado","sabado",NA,NA
"PM10141",2016-03-12 01:30:00,0.1,656,2,115.546634,1.752918,0.3500854,0.07,1.610424,0.09,1.51199,0.07,1.757293,"01","Saturday","12","03",2016-03-12,"sabado","sabado",NA,NA
"PM10141",2016-03-12 01:45:00,0.07,493,1,119.182106,1.752918,0.3500854,0.09,1.512167,0.07,1.757628,0.08,1.609941,"01","Saturday","12","03",2016-03-12,"sabado","sabado",NA,NA
"PM10141",2016-03-12 02:00:00,0.09,544,1,111.911162,1.752918,0.3500854,0.07,1.75781,0.08,1.610245,0.07,1.659059,"02","Saturday","12","03",2016-03-12,"sabado","sabado",NA,NA
"PM10141",2016-03-12 02:15:00,0.07,497,1,130.088596,1.752918,0.3500854,0.08,1.610424,0.07,1.659373,0.07,1.560824,"02","Saturday","12","03",2016-03-12,"sabado","sabado",NA,NA
"PM10141",2016-03-12 02:30:00,0.08,428,1,119.182106,1.752918,0.3500854,0.07,1.659553,0.07,1.561117,0.05,1.708176,"02","Saturday","12","03",2016-03-12,"sabado","sabado",NA,NA
"PM10341",2016-03-12 01:00:00,0.12,768,2,122.817578,1.240037,0.3828332,0.11,1.561296,0.12,1.610245,0.09,1.609941,"01","Saturday","12","03",2016-03-12,"sabado","sabado",NA,NA
"PM10341",2016-03-12 01:15:00,0.11,784,2,115.546634,1.240037,0.3828332,0.12,1.610424,0.09,1.610245,0.09,1.560824,"01","Saturday","12","03",2016-03-12,"sabado","sabado",NA,NA
"PM10341",2016-03-12 01:30:00,0.12,728,2,119.182106,1.240037,0.3828332,0.09,1.610424,0.09,1.561117,0.08,1.953761,"01","Saturday","12","03",2016-03-12,"sabado","sabado",NA,NA
"PM10341",2016-03-12 01:45:00,0.09,524,1,119.182106,1.240037,0.3828332,0.09,1.561296,0.08,1.954139,0.09,1.80641,"01","Saturday","12","03",2016-03-12,"sabado","sabado",NA,NA
"PM10341",2016-03-12 02:00:00,0.09,607,1,115.546634,1.240037,0.3828332,0.08,1.954324,0.09,1.806756,0.07,1.708176,"02","Saturday","12","03",2016-03-12,"sabado","sabado",NA,NA
"PM10341",2016-03-12 02:15:00,0.08,501,1,144.630484,1.240037,0.3828332,0.09,1.806938,0.07,1.7085,0.08,1.708176,"02","Saturday","12","03",2016-03-12,"sabado","sabado",NA,NA
"PM10341",2016-03-12 02:30:00,0.09,524,1,133.724068,1.240037,0.3828332,0.07,1.708681,0.08,1.7085,0.05,1.511707,"02","Saturday","12","03",2016-03-12,"sabado","sabado",NA,NA
"PM10441",2016-03-12 01:00:00,0.14,816,3,75.556294,0.8853293,0.3644082,0.11,1.11914,0.14,1.020712,0.1,1.118771,"01","Saturday","12","03",2016-03-12,"sabado","sabado",NA,NA
"PM10441",2016-03-12 01:15:00,0.11,760,1,82.827312,0.8853293,0.3644082,0.14,1.020883,0.1,1.118968,0.1,1.020537,"01","Saturday","12","03",2016-03-12,"sabado","sabado",NA,NA
"PM10441",2016-03-12 01:30:00,0.14,879,2,75.556294,0.8853293,0.3644082,0.1,1.11914,0.1,1.020712,0.08,1.167888,"01","Saturday","12","03",2016-03-12,"sabado","sabado",NA,NA
"PM10441",2016-03-12 01:45:00,0.1,624,2,82.827312,0.8853293,0.3644082,0.1,1.020883,0.08,1.168095,0.08,1.167888,"01","Saturday","12","03",2016-03-12,"sabado","sabado",NA,NA
"PM10441",2016-03-12 02:00:00,0.1,672,1,75.556294,0.8853293,0.3644082,0.08,1.168268,0.08,1.168095,0.07,1.020537,"02","Saturday","12","03",2016-03-12,"sabado","sabado",NA,NA
"PM10441",2016-03-12 02:15:00,0.08,558,1,86.462784,0.8853293,0.3644082,0.08,1.168268,0.07,1.020712,0.08,1.167888,"02","Saturday","12","03",2016-03-12,"sabado","sabado",NA,NA
"PM10441",2016-03-12 02:30:00,0.08,552,1,86.462784,0.8853293,0.3644082,0.07,1.020883,0.08,1.168095,0.07,1.315239,"02","Saturday","12","03",2016-03-12,"sabado","sabado",NA,NA
"PM10444",2016-03-12 01:00:00,0.07,179,2,10.11765,-0.6336139,0.2626432,0.09,0.3330845,0.07,-0.2074806,0.04,0.2346633,"01","Saturday","12","03",2016-03-12,"sabado","sabado",NA,NA
"PM10444",2016-03-12 01:15:00,0.09,173,2,24.659575,-0.6336139,0.2626432,0.07,-0.2073285,0.04,0.2346688,0.04,0.3820145,"01","Saturday","12","03",2016-03-12,"sabado","sabado",NA,NA
"PM10444",2016-03-12 01:45:00,0.04,88,0,17.3886088,-0.6336139,0.2626432,0.04,0.3822129,0.04,-0.2566083,0.07,0.1855462,"01","Saturday","12","03",2016-03-12,"sabado","sabado",NA,NA
"PM10444",2016-03-12 02:00:00,0.04,116,0,28.2950618,-0.6336139,0.2626432,0.04,-0.256457,0.07,0.1855411,0.04,-0.3547416,"02","Saturday","12","03",2016-03-12,"sabado","sabado",NA,NA
"PM10444",2016-03-12 02:30:00,0.07,104,1,13.7531294,-0.6336139,0.2626432,0.04,-0.3547139,0.05,-0.9443964,0.01,-0.7967953,"02","Saturday","12","03",2016-03-12,"sabado","sabado",NA,NA
"PM10561",2016-03-12 01:00:00,0.21,1299,4,79.19184,0.6002865,0.5061068,0.19,0.9717544,0.23,0.9715846,0.16,1.069654,"01","Saturday","12","03",2016-03-12,"sabado","sabado",NA,NA
"PM10561",2016-03-12 01:15:00,0.19,1252,5,71.9208442,0.6002865,0.5061068,0.23,0.9717544,0.16,1.06984,0.16,1.020537,"01","Saturday","12","03",2016-03-12,"sabado","sabado",NA,NA
"PM10561",2016-03-12 01:30:00,0.23,1436,4,71.9208442,0.6002865,0.5061068,0.16,1.070011,0.16,1.020712,0.12,0.9714195,"01","Saturday","12","03",2016-03-12,"sabado","sabado",NA,NA
"PM10561",2016-03-12 01:45:00,0.16,981,2,79.19184,0.6002865,0.5061068,0.16,1.020883,0.12,0.9715846,0.11,1.069654,"01","Saturday","12","03",2016-03-12,"sabado","sabado",NA,NA
"PM10561",2016-03-12 02:00:00,0.16,1012,2,75.556294,0.6002865,0.5061068,0.12,0.9717544,0.11,1.06984,0.12,1.020537,"02","Saturday","12","03",2016-03-12,"sabado","sabado",NA,NA
"PM10561",2016-03-12 02:15:00,0.12,784,1,71.9208442,0.6002865,0.5061068,0.11,1.070011,0.12,1.020712,0.11,1.020537,"02","Saturday","12","03",2016-03-12,"sabado","sabado",NA,NA
"PM10561",2016-03-12 02:30:00,0.11,740,2,79.19184,0.6002865,0.5061068,0.12,1.020883,0.11,1.020712,0.1,1.069654,"02","Saturday","12","03",2016-03-12,"sabado","sabado",NA,NA
"PM10612",2016-03-12 01:00:00,0.2,932,4,53.7434324,0.7175474,0.3649304,0.21,0.824369,0.16,0.7750737,0.18,0.7749512,"01","Saturday","12","03",2016-03-12,"sabado","sabado",NA,NA
"PM10612",2016-03-12 01:15:00,0.21,932,3,61.0143986,0.7175474,0.3649304,0.16,0.7752406,0.18,0.7750737,0.17,0.9223024,"01","Saturday","12","03",2016-03-12,"sabado","sabado",NA,NA
"PM10612",2016-03-12 01:30:00,0.16,705,3,57.3789192,0.7175474,0.3649304,0.18,0.7752406,0.17,0.9224569,0.13,0.7258341,"01","Saturday","12","03",2016-03-12,"sabado","sabado",NA,NA
"PM10612",2016-03-12 01:45:00,0.18,765,3,57.3789192,0.7175474,0.3649304,0.17,0.9226259,0.13,0.725946,0.13,0.8731853,"01","Saturday","12","03",2016-03-12,"sabado","sabado",NA,NA
"PM10612",2016-03-12 02:00:00,0.17,749,3,68.2853648,0.7175474,0.3649304,0.13,0.7261121,0.13,0.8733292,0.11,0.7258341,"02","Saturday","12","03",2016-03-12,"sabado","sabado",NA,NA
"PM10612",2016-03-12 02:15:00,0.13,527,2,53.7434324,0.7175474,0.3649304,0.13,0.8734975,0.11,0.725946,0.12,0.9714195,"02","Saturday","12","03",2016-03-12,"sabado","sabado",NA,NA
"PM10612",2016-03-12 02:30:00,0.13,559,2,64.6498854,0.7175474,0.3649304,0.11,0.7261121,0.12,0.9715846,0.11,1.069654,"02","Saturday","12","03",2016-03-12,"sabado","sabado",NA,NA
"PM10662",2016-03-12 01:00:00,0.2,1687,4,57.3789192,0.518966,0.3518554,0.18,0.7261121,0.16,0.7750737,0.15,0.7749512,"01","Saturday","12","03",2016-03-12,"sabado","sabado",NA,NA
"PM10662",2016-03-12 01:15:00,0.18,1580,2,53.7434324,0.518966,0.3518554,0.16,0.7752406,0.15,0.7750737,0.15,0.8731853,"01","Saturday","12","03",2016-03-12,"sabado","sabado",NA,NA
"PM10662",2016-03-12 01:30:00,0.16,1361,3,57.3789192,0.518966,0.3518554,0.15,0.7752406,0.15,0.8733292,0.14,0.8240682,"01","Saturday","12","03",2016-03-12,"sabado","sabado",NA,NA
"PM10662",2016-03-12 01:45:00,0.15,1288,3,57.3789192,0.518966,0.3518554,0.15,0.8734975,0.14,0.8242015,0.11,0.9714195,"01","Saturday","12","03",2016-03-12,"sabado","sabado",NA,NA
"PM10662",2016-03-12 02:00:00,0.15,1417,3,64.6498854,0.518966,0.3518554,0.14,0.824369,0.11,0.9715846,0.11,0.8731853,"02","Saturday","12","03",2016-03-12,"sabado","sabado",NA,NA
"PM10662",2016-03-12 02:15:00,0.14,1149,2,61.0143986,0.518966,0.3518554,0.11,0.9717544,0.11,0.8733292,0.11,0.9714195,"02","Saturday","12","03",2016-03-12,"sabado","sabado",NA,NA
"PM10662",2016-03-12 02:30:00,0.11,937,2,71.9208442,0.518966,0.3518554,0.11,0.8734975,0.11,0.9715846,0.1,0.8731853,"02","Saturday","12","03",2016-03-12,"sabado","sabado",NA,NA
"PM10712",2016-03-12 01:00:00,0.17,1167,3,61.0143986,0.8448453,0.336118,0.17,0.8734975,0.15,0.8242015,0.15,0.7749512,"01","Saturday","12","03",2016-03-12,"sabado","sabado",NA,NA
"PM10712",2016-03-12 01:15:00,0.17,1120,2,64.6498854,0.8448453,0.336118,0.15,0.824369,0.15,0.7750737,0.15,0.8731853,"01","Saturday","12","03",2016-03-12,"sabado","sabado",NA,NA
"PM10712",2016-03-12 01:30:00,0.15,988,2,61.0143986,0.8448453,0.336118,0.15,0.7752406,0.15,0.8733292,0.11,0.8731853,"01","Saturday","12","03",2016-03-12,"sabado","sabado",NA,NA
"PM10712",2016-03-12 01:45:00,0.15,940,2,57.3789192,0.8448453,0.336118,0.15,0.8734975,0.11,0.8733292,0.09,0.7749512,"01","Saturday","12","03",2016-03-12,"sabado","sabado",NA,NA
"PM10712",2016-03-12 02:00:00,0.15,976,3,64.6498854,0.8448453,0.336118,0.11,0.8734975,0.09,0.7750737,0.1,0.7749512,"02","Saturday","12","03",2016-03-12,"sabado","sabado",NA,NA
"PM10712",2016-03-12 02:15:00,0.11,741,2,64.6498854,0.8448453,0.336118,0.09,0.7752406,0.1,0.7750737,0.11,0.8240682,"02","Saturday","12","03",2016-03-12,"sabado","sabado",NA,NA
"PM10712",2016-03-12 02:30:00,0.09,661,1,57.3789192,0.8448453,0.336118,0.1,0.7752406,0.11,0.8242015,0.09,0.9223024,"02","Saturday","12","03",2016-03-12,"sabado","sabado",NA,NA
"PM10832",2016-03-12 01:00:00,0.21,1781,4,46.4724736,0.1340443,0.371524,0.22,0.6769837,0.18,0.6768183,0.17,0.7258341,"01","Saturday","12","03",2016-03-12,"sabado","sabado",NA,NA
"PM10832",2016-03-12 01:15:00,0.22,1836,3,50.107953,0.1340443,0.371524,0.18,0.6769837,0.17,0.725946,0.16,0.6275999,"01","Saturday","12","03",2016-03-12,"sabado","sabado",NA,NA
"PM10832",2016-03-12 01:30:00,0.18,1573,3,50.107953,0.1340443,0.371524,0.17,0.7261121,0.16,0.6276906,0.12,0.676717,"01","Saturday","12","03",2016-03-12,"sabado","sabado",NA,NA
"PM10832",2016-03-12 01:45:00,0.17,1368,3,53.7434324,0.1340443,0.371524,0.16,0.6278552,0.12,0.6768183,0.1,0.7749512,"01","Saturday","12","03",2016-03-12,"sabado","sabado",NA,NA
"PM10832",2016-03-12 02:00:00,0.16,1300,3,46.4724736,0.1340443,0.371524,0.12,0.6769837,0.1,0.7750737,0.12,0.676717,"02","Saturday","12","03",2016-03-12,"sabado","sabado",NA,NA
"PM10832",2016-03-12 02:15:00,0.12,1072,2,50.107953,0.1340443,0.371524,0.1,0.7752406,0.12,0.6768183,0.12,0.7749512,"02","Saturday","12","03",2016-03-12,"sabado","sabado",NA,NA
"PM10832",2016-03-12 02:30:00,0.1,1048,2,57.3789192,0.1340443,0.371524,0.12,0.6769837,0.12,0.7750737,0.1,0.8731853,"02","Saturday","12","03",2016-03-12,"sabado","sabado",NA,NA
"PM10901",2016-03-12 01:00:00,0.16,1083,3,68.2853648,0.7945469,0.374519,0.16,0.8734975,0.14,0.9715846,0.11,1.020537,"01","Saturday","12","03",2016-03-12,"sabado","sabado",NA,NA
"PM10901",2016-03-12 01:15:00,0.16,1020,2,64.6498854,0.7945469,0.374519,0.14,0.9717544,0.11,1.020712,0.13,0.9714195,"01","Saturday","12","03",2016-03-12,"sabado","sabado",NA,NA
"PM10901",2016-03-12 01:30:00,0.14,915,3,71.9208442,0.7945469,0.374519,0.11,1.020883,0.13,0.9715846,0.09,0.9714195,"01","Saturday","12","03",2016-03-12,"sabado","sabado",NA,NA
"PM10901",2016-03-12 01:45:00,0.11,767,3,75.556294,0.7945469,0.374519,0.13,0.9717544,0.09,0.9715846,0.09,1.069654,"01","Saturday","12","03",2016-03-12,"sabado","sabado",NA,NA
"PM10901",2016-03-12 02:00:00,0.13,768,1,71.9208442,0.7945469,0.374519,0.09,0.9717544,0.09,1.06984,0.09,1.069654,"02","Saturday","12","03",2016-03-12,"sabado","sabado",NA,NA
"PM10901",2016-03-12 02:15:00,0.09,669,2,71.9208442,0.7945469,0.374519,0.09,1.070011,0.09,1.06984,0.07,1.020537,"02","Saturday","12","03",2016-03-12,"sabado","sabado",NA,NA
"PM10901",2016-03-12 02:30:00,0.09,627,1,79.19184,0.7945469,0.374519,0.09,1.070011,0.07,1.020712,0.08,1.118771,"02","Saturday","12","03",2016-03-12,"sabado","sabado",NA,NA
"PM10907",2016-03-12 01:00:00,0.05,208,1,24.659575,-0.3952845,0.1339874,0.05,-0.3547139,0.05,0.08728569,0.03,0.1364292,"01","Saturday","12","03",2016-03-12,"sabado","sabado",NA,NA
"PM10907",2016-03-12 01:30:00,0.05,232,1,6.48216394,-0.3952845,0.1339874,0.03,0.1365706,0.03,0.1855411,0.03,0.3820145,"01","Saturday","12","03",2016-03-12,"sabado","sabado",NA,NA
"PM10907",2016-03-12 01:45:00,0.03,116,1,10.11765,-0.3952845,0.1339874,0.03,0.1856991,0.03,0.382052,0.02,-0.5512099,"01","Saturday","12","03",2016-03-12,"sabado","sabado",NA,NA
"PM10907",2016-03-12 02:00:00,0.03,145,1,13.7531294,-0.3952845,0.1339874,0.03,0.3822129,0.02,-0.5513747,0.02,-0.4529758,"02","Saturday","12","03",2016-03-12,"sabado","sabado",NA,NA
"PM10907",2016-03-12 02:15:00,0.03,132,1,28.2950618,-0.3952845,0.1339874,0.02,-0.5512277,0.02,-0.4531192,0.02,-0.2073904,"02","Saturday","12","03",2016-03-12,"sabado","sabado",NA,NA
"PM10942",2016-03-12 01:00:00,0.07,283,2,46.4724736,0.3599379,0.1168767,0.06,0.6769837,0.05,0.725946,0.06,0.7258341,"01","Saturday","12","03",2016-03-12,"sabado","sabado",NA,NA
"PM10942",2016-03-12 01:15:00,0.06,220,1,50.107953,0.3599379,0.1168767,0.05,0.7261121,0.06,0.725946,0.05,0.4311316,"01","Saturday","12","03",2016-03-12,"sabado","sabado",NA,NA
"PM10942",2016-03-12 01:30:00,0.05,216,1,53.7434324,0.3599379,0.1168767,0.06,0.7261121,0.05,0.4311797,0.05,0.3820145,"01","Saturday","12","03",2016-03-12,"sabado","sabado",NA,NA
"PM10942",2016-03-12 01:45:00,0.06,269,1,53.7434324,0.3599379,0.1168767,0.05,0.4313414,0.05,0.382052,0.03,0.6275999,"01","Saturday","12","03",2016-03-12,"sabado","sabado",NA,NA
"PM10942",2016-03-12 02:00:00,0.05,184,1,31.9305412,0.3599379,0.1168767,0.05,0.3822129,0.03,0.6276906,0.04,-0.01092208,"02","Saturday","12","03",2016-03-12,"sabado","sabado",NA,NA
"PM10942",2016-03-12 02:15:00,0.05,171,1,28.2950618,0.3599379,0.1168767,0.03,0.6278552,0.04,-0.01096975,0.03,-0.2073904,"02","Saturday","12","03",2016-03-12,"sabado","sabado",NA,NA
"PM10942",2016-03-12 02:30:00,0.03,144,1,46.4724736,0.3599379,0.1168767,0.04,-0.01081472,0.03,-0.2074806,0.03,0.1855462,"02","Saturday","12","03",2016-03-12,"sabado","sabado",NA,NA
"PM10945",2016-03-12 01:00:00,0.27,608,4,39.2015074,0.004122958,0.5017753,0.26,0.4804698,0.25,0.6768183,0.2,0.676717,"01","Saturday","12","03",2016-03-12,"sabado","sabado",NA,NA
"PM10945",2016-03-12 01:15:00,0.26,576,3,35.5660206,0.004122958,0.5017753,0.25,0.6769837,0.2,0.6768183,0.19,0.5293658,"01","Saturday","12","03",2016-03-12,"sabado","sabado",NA,NA
"PM10945",2016-03-12 01:30:00,0.25,548,4,50.107953,0.004122958,0.5017753,0.2,0.6769837,0.19,0.5294352,0.17,0.5784828,"01","Saturday","12","03",2016-03-12,"sabado","sabado",NA,NA
"PM10945",2016-03-12 01:45:00,0.2,436,3,50.107953,0.004122958,0.5017753,0.19,0.5295983,0.17,0.5785629,0.13,0.7749512,"01","Saturday","12","03",2016-03-12,"sabado","sabado",NA,NA
"PM10945",2016-03-12 02:00:00,0.19,432,3,39.2015074,0.004122958,0.5017753,0.17,0.5787268,0.13,0.7750737,0.15,0.8240682,"02","Saturday","12","03",2016-03-12,"sabado","sabado",NA,NA
"PM10945",2016-03-12 02:15:00,0.17,343,2,42.8369868,0.004122958,0.5017753,0.13,0.7752406,0.15,0.8242015,0.17,0.5784828,"02","Saturday","12","03",2016-03-12,"sabado","sabado",NA,NA
"PM10945",2016-03-12 02:30:00,0.13,288,2,57.3789192,0.004122958,0.5017753,0.15,0.824369,0.17,0.5785629,0.12,0.8240682,"02","Saturday","12","03",2016-03-12,"sabado","sabado",NA,NA
"PM10981",2016-03-12 01:00:00,0.26,1708,4,71.9208442,0.7618926,0.5183631,0.24,0.9717544,0.21,1.020712,0.18,1.118771,"01","Saturday","12","03",2016-03-12,"sabado","sabado",NA,NA
"PM10981",2016-03-12 01:15:00,0.24,1588,3,71.9208442,0.7618926,0.5183631,0.21,1.020883,0.18,1.118968,0.19,1.069654,"01","Saturday","12","03",2016-03-12,"sabado","sabado",NA,NA
"PM10981",2016-03-12 01:30:00,0.21,1464,4,75.556294,0.7618926,0.5183631,0.18,1.11914,0.19,1.06984,0.14,1.069654,"01","Saturday","12","03",2016-03-12,"sabado","sabado",NA,NA
"PM10981",2016-03-12 01:45:00,0.18,1152,3,82.827312,0.7618926,0.5183631,0.19,1.070011,0.14,1.06984,0.13,1.069654,"01","Saturday","12","03",2016-03-12,"sabado","sabado",NA,NA
"PM10981",2016-03-12 02:00:00,0.19,1248,3,79.19184,0.7618926,0.5183631,0.14,1.070011,0.13,1.06984,0.14,1.069654,"02","Saturday","12","03",2016-03-12,"sabado","sabado",NA,NA
"PM10981",2016-03-12 02:15:00,0.14,926,2,79.19184,0.7618926,0.5183631,0.13,1.070011,0.14,1.06984,0.14,1.069654,"02","Saturday","12","03",2016-03-12,"sabado","sabado",NA,NA
"PM10981",2016-03-12 02:30:00,0.13,892,3,79.19184,0.7618926,0.5183631,0.14,1.070011,0.14,1.06984,0.12,1.118771,"02","Saturday","12","03",2016-03-12,"sabado","sabado",NA,NA
"PM11101",2016-03-12 01:00:00,0.13,540,3,46.4724736,0.1618243,0.3297928,0.14,0.5787268,0.14,0.5294352,0.12,0.5293658,"01","Saturday","12","03",2016-03-12,"sabado","sabado",NA,NA
"PM11101",2016-03-12 01:15:00,0.14,560,4,42.8369868,0.1618243,0.3297928,0.14,0.5295983,0.12,0.5294352,0.1,0.5784828,"01","Saturday","12","03",2016-03-12,"sabado","sabado",NA,NA
"PM11101",2016-03-12 01:30:00,0.14,492,4,39.2015074,0.1618243,0.3297928,0.12,0.5295983,0.1,0.5785629,0.09,0.6275999,"01","Saturday","12","03",2016-03-12,"sabado","sabado",NA,NA
"PM11101",2016-03-12 01:45:00,0.12,457,3,39.2015074,0.1618243,0.3297928,0.1,0.5787268,0.09,0.6276906,0.17,0.5784828,"01","Saturday","12","03",2016-03-12,"sabado","sabado",NA,NA
"PM11101",2016-03-12 02:00:00,0.1,376,3,42.8369868,0.1618243,0.3297928,0.09,0.6278552,0.17,0.5785629,0.07,0.5293658,"02","Saturday","12","03",2016-03-12,"sabado","sabado",NA,NA
"PM11101",2016-03-12 02:15:00,0.09,347,2,46.4724736,0.1618243,0.3297928,0.17,0.5787268,0.07,0.5294352,0.07,0.4311316,"02","Saturday","12","03",2016-03-12,"sabado","sabado",NA,NA
"PM11101",2016-03-12 02:30:00,0.17,328,11,42.8369868,0.1618243,0.3297928,0.07,0.5295983,0.07,0.4311797,0.08,0.5784828,"02","Saturday","12","03",2016-03-12,"sabado","sabado",NA,NA
"PM11981",2016-03-12 01:00:00,0.11,744,2,31.9305412,-0.2977409,0.3889095,0.11,0.3822129,0.11,0.4803074,0.09,0.4802487,"01","Saturday","12","03",2016-03-12,"sabado","sabado",NA,NA
"PM11981",2016-03-12 01:15:00,0.11,684,2,28.2950618,-0.2977409,0.3889095,0.11,0.4804698,0.09,0.4803074,0.09,0.4311316,"01","Saturday","12","03",2016-03-12,"sabado","sabado",NA,NA
"PM11981",2016-03-12 01:30:00,0.11,716,1,35.5660206,-0.2977409,0.3889095,0.09,0.4804698,0.09,0.4311797,0.07,0.4802487,"01","Saturday","12","03",2016-03-12,"sabado","sabado",NA,NA
"PM11981",2016-03-12 01:45:00,0.09,547,1,35.5660206,-0.2977409,0.3889095,0.09,0.4313414,0.07,0.4803074,0.08,0.4311316,"01","Saturday","12","03",2016-03-12,"sabado","sabado",NA,NA
"PM11981",2016-03-12 02:00:00,0.09,651,2,31.9305412,-0.2977409,0.3889095,0.07,0.4804698,0.08,0.4311797,0.06,0.3820145,"02","Saturday","12","03",2016-03-12,"sabado","sabado",NA,NA
"PM11981",2016-03-12 02:15:00,0.07,459,1,35.5660206,-0.2977409,0.3889095,0.08,0.4313414,0.06,0.382052,0.05,0.5293658,"02","Saturday","12","03",2016-03-12,"sabado","sabado",NA,NA
"PM11981",2016-03-12 02:30:00,0.08,476,1,31.9305412,-0.2977409,0.3889095,0.06,0.3822129,0.05,0.5294352,0.04,0.1855462,"02","Saturday","12","03",2016-03-12,"sabado","sabado",NA,NA
"PM12061",2016-03-12 01:00:00,0.11,727,1,57.3789192,0.2528822,0.354821,0.12,0.824369,0.1,0.8733292,0.1,1.069654,"01","Saturday","12","03",2016-03-12,"sabado","sabado",NA,NA
"PM12061",2016-03-12 01:15:00,0.12,733,2,61.0143986,0.2528822,0.354821,0.1,0.8734975,0.1,1.06984,0.08,0.8731853,"01","Saturday","12","03",2016-03-12,"sabado","sabado",NA,NA
"PM12061",2016-03-12 01:30:00,0.1,640,2,64.6498854,0.2528822,0.354821,0.1,1.070011,0.08,0.8733292,0.06,0.9223024,"01","Saturday","12","03",2016-03-12,"sabado","sabado",NA,NA
"PM12061",2016-03-12 01:45:00,0.1,557,2,79.19184,0.2528822,0.354821,0.08,0.8734975,0.06,0.9224569,0.07,0.9223024,"01","Saturday","12","03",2016-03-12,"sabado","sabado",NA,NA
"PM12061",2016-03-12 02:00:00,0.08,548,1,64.6498854,0.2528822,0.354821,0.06,0.9226259,0.07,0.9224569,0.05,0.8240682,"02","Saturday","12","03",2016-03-12,"sabado","sabado",NA,NA
"PM12061",2016-03-12 02:15:00,0.06,428,1,68.2853648,0.2528822,0.354821,0.07,0.9226259,0.05,0.8242015,0.05,0.8240682,"02","Saturday","12","03",2016-03-12,"sabado","sabado",NA,NA
"PM12061",2016-03-12 02:30:00,0.07,432,1,68.2853648,0.2528822,0.354821,0.05,0.824369,0.05,0.8242015,0.04,0.8240682,"02","Saturday","12","03",2016-03-12,"sabado","sabado",NA,NA
"PM12211",2016-03-12 01:00:00,0.13,816,2,64.6498854,0.8907996,0.3135163,0.11,0.9226259,0.1,0.9224569,0.1,0.9223024,"01","Saturday","12","03",2016-03-12,"sabado","sabado",NA,NA
"PM12211",2016-03-12 01:15:00,0.11,733,2,68.2853648,0.8907996,0.3135163,0.1,0.9226259,0.1,0.9224569,0.1,0.9223024,"01","Saturday","12","03",2016-03-12,"sabado","sabado",NA,NA
"PM12211",2016-03-12 01:30:00,0.1,632,1,68.2853648,0.8907996,0.3135163,0.1,0.9226259,0.1,0.9224569,0.07,1.266122,"01","Saturday","12","03",2016-03-12,"sabado","sabado",NA,NA
"PM12211",2016-03-12 01:45:00,0.1,613,2,68.2853648,0.8907996,0.3135163,0.1,0.9226259,0.07,1.266351,0.08,0.9223024,"01","Saturday","12","03",2016-03-12,"sabado","sabado",NA,NA
"PM12211",2016-03-12 02:00:00,0.1,532,1,68.2853648,0.8907996,0.3135163,0.07,1.266525,0.08,0.9224569,0.05,1.069654,"02","Saturday","12","03",2016-03-12,"sabado","sabado",NA,NA
"PM12211",2016-03-12 02:15:00,0.07,347,1,93.733728,0.8907996,0.3135163,0.08,0.9226259,0.05,1.06984,0.05,0.676717,"02","Saturday","12","03",2016-03-12,"sabado","sabado",NA,NA
"PM12211",2016-03-12 02:30:00,0.08,423,1,68.2853648,0.8907996,0.3135163,0.05,1.070011,0.05,0.6768183,0.04,1.217005,"02","Saturday","12","03",2016-03-12,"sabado","sabado",NA,NA
"PM12241",2016-03-12 01:00:00,0.12,788,2,53.7434324,0.690222,0.3174939,0.12,0.824369,0.1,0.6276906,0.1,0.8731853,"01","Saturday","12","03",2016-03-12,"sabado","sabado",NA,NA
"PM12241",2016-03-12 01:15:00,0.12,752,2,61.0143986,0.690222,0.3174939,0.1,0.6278552,0.1,0.8733292,0.1,0.8240682,"01","Saturday","12","03",2016-03-12,"sabado","sabado",NA,NA
"PM12241",2016-03-12 01:30:00,0.1,591,2,46.4724736,0.690222,0.3174939,0.1,0.8734975,0.1,0.8242015,0.07,0.9223024,"01","Saturday","12","03",2016-03-12,"sabado","sabado",NA,NA
"PM12241",2016-03-12 01:45:00,0.1,631,2,64.6498854,0.690222,0.3174939,0.1,0.824369,0.07,0.9224569,0.06,1.020537,"01","Saturday","12","03",2016-03-12,"sabado","sabado",NA,NA
"PM12241",2016-03-12 02:00:00,0.1,548,1,61.0143986,0.690222,0.3174939,0.07,0.9226259,0.06,1.020712,0.06,0.8731853,"02","Saturday","12","03",2016-03-12,"sabado","sabado",NA,NA
"PM12241",2016-03-12 02:15:00,0.07,416,2,68.2853648,0.690222,0.3174939,0.06,1.020883,0.06,0.8733292,0.05,0.9714195,"02","Saturday","12","03",2016-03-12,"sabado","sabado",NA,NA
"PM12241",2016-03-12 02:30:00,0.06,416,0,75.556294,0.690222,0.3174939,0.06,0.8734975,0.05,0.9715846,0.04,0.8240682,"02","Saturday","12","03",2016-03-12,"sabado","sabado",NA,NA
"PM12571",2016-03-12 01:00:00,0.08,432,2,31.9305412,0.1700567,0.1435978,0.08,0.4313414,0.06,0.5294352,0.03,0.4802487,"01","Saturday","12","03",2016-03-12,"sabado","sabado",NA,NA
"PM12571",2016-03-12 01:15:00,0.08,429,3,31.9305412,0.1700567,0.1435978,0.06,0.5295983,0.03,0.4803074,0.05,0.4802487,"01","Saturday","12","03",2016-03-12,"sabado","sabado",NA,NA
"PM12571",2016-03-12 01:30:00,0.06,360,2,39.2015074,0.1700567,0.1435978,0.03,0.4804698,0.05,0.4803074,0.05,0.4802487,"01","Saturday","12","03",2016-03-12,"sabado","sabado",NA,NA
"PM12571",2016-03-12 01:45:00,0.03,227,0,35.5660206,0.1700567,0.1435978,0.05,0.4804698,0.05,0.4803074,0.04,0.1855462,"01","Saturday","12","03",2016-03-12,"sabado","sabado",NA,NA
"PM12571",2016-03-12 02:00:00,0.05,232,1,35.5660206,0.1700567,0.1435978,0.05,0.4804698,0.04,0.1855411,0.03,0.5784828,"02","Saturday","12","03",2016-03-12,"sabado","sabado",NA,NA
"PM12571",2016-03-12 02:15:00,0.05,236,1,35.5660206,0.1700567,0.1435978,0.04,0.1856991,0.03,0.5785629,0.04,0.4802487,"02","Saturday","12","03",2016-03-12,"sabado","sabado",NA,NA
"PM12571",2016-03-12 02:30:00,0.04,252,0,13.7531294,0.1700567,0.1435978,0.03,0.5787268,0.04,0.4803074,0.04,-0.01092208,"02","Saturday","12","03",2016-03-12,"sabado","sabado",NA,NA
"PM13103",2016-03-12 01:00:00,0.09,401,1,61.0143986,0.4525427,0.2841394,0.1,0.8734975,0.07,0.8733292,0.06,0.7258341,"01","Saturday","12","03",2016-03-12,"sabado","sabado",NA,NA
"PM13103",2016-03-12 01:15:00,0.1,404,2,64.6498854,0.4525427,0.2841394,0.07,0.8734975,0.06,0.725946,0.07,0.7258341,"01","Saturday","12","03",2016-03-12,"sabado","sabado",NA,NA
"PM13103",2016-03-12 01:30:00,0.07,360,1,64.6498854,0.4525427,0.2841394,0.06,0.7261121,0.07,0.725946,0.08,1.118771,"01","Saturday","12","03",2016-03-12,"sabado","sabado",NA,NA
"PM13103",2016-03-12 01:45:00,0.06,252,1,53.7434324,0.4525427,0.2841394,0.07,0.7261121,0.08,1.118968,0.07,1.020537,"01","Saturday","12","03",2016-03-12,"sabado","sabado",NA,NA
"PM13103",2016-03-12 02:00:00,0.07,295,1,53.7434324,0.4525427,0.2841394,0.08,1.11914,0.07,1.020712,0.05,0.8240682,"02","Saturday","12","03",2016-03-12,"sabado","sabado",NA,NA
"PM13103",2016-03-12 02:15:00,0.08,326,1,82.827312,0.4525427,0.2841394,0.07,1.020883,0.05,0.8242015,0.05,0.9714195,"02","Saturday","12","03",2016-03-12,"sabado","sabado",NA,NA
"PM13103",2016-03-12 02:30:00,0.07,285,1,75.556294,0.4525427,0.2841394,0.05,0.824369,0.05,0.9715846,0.03,0.9223024,"02","Saturday","12","03",2016-03-12,"sabado","sabado",NA,NA
"PM13181",2016-03-12 01:00:00,0.13,532,2,35.5660206,-0.3935777,0.2732343,0.12,0.3330845,0.1,0.2837966,0.08,0.3820145,"01","Saturday","12","03",2016-03-12,"sabado","sabado",NA,NA
"PM13181",2016-03-12 01:15:00,0.12,512,2,24.659575,-0.3935777,0.2732343,0.1,0.283956,0.08,0.382052,0.1,0.3820145,"01","Saturday","12","03",2016-03-12,"sabado","sabado",NA,NA
"PM13181",2016-03-12 01:30:00,0.1,424,2,21.0240956,-0.3935777,0.2732343,0.08,0.3822129,0.1,0.382052,0.07,0.5293658,"01","Saturday","12","03",2016-03-12,"sabado","sabado",NA,NA
"PM13181",2016-03-12 01:45:00,0.08,368,2,28.2950618,-0.3935777,0.2732343,0.1,0.3822129,0.07,0.5294352,0.08,-0.06003915,"01","Saturday","12","03",2016-03-12,"sabado","sabado",NA,NA
"PM13181",2016-03-12 02:00:00,0.1,409,2,28.2950618,-0.3935777,0.2732343,0.07,0.5295983,0.08,-0.06009747,0.07,0.4802487,"02","Saturday","12","03",2016-03-12,"sabado","sabado",NA,NA
"PM13181",2016-03-12 02:15:00,0.07,326,1,39.2015074,-0.3935777,0.2732343,0.08,-0.05994317,0.07,0.4803074,0.06,0.2346633,"02","Saturday","12","03",2016-03-12,"sabado","sabado",NA,NA
"PM13222",2016-03-12 01:00:00,0.11,224,1,17.3886088,-0.6754693,0.2348934,0.15,0.1856991,0.11,0.08728569,0.09,0.038195,"01","Saturday","12","03",2016-03-12,"sabado","sabado",NA,NA
"PM13222",2016-03-12 01:15:00,0.15,300,3,13.7531294,-0.6754693,0.2348934,0.11,0.08744219,0.09,0.03815797,0.09,0.1364292,"01","Saturday","12","03",2016-03-12,"sabado","sabado",NA,NA
"PM13222",2016-03-12 01:30:00,0.11,240,2,6.48216394,-0.6754693,0.2348934,0.09,0.03831374,0.09,0.1364134,0.11,0.4802487,"01","Saturday","12","03",2016-03-12,"sabado","sabado",NA,NA
"PM13222",2016-03-12 01:45:00,0.09,192,2,2.84668158,-0.6754693,0.2348934,0.09,0.1365706,0.11,0.4803074,0.1,-0.06003915,"01","Saturday","12","03",2016-03-12,"sabado","sabado",NA,NA
"PM13222",2016-03-12 02:00:00,0.09,183,0,10.11765,-0.6754693,0.2348934,0.11,0.4804698,0.1,-0.06009747,0.06,-0.01092208,"02","Saturday","12","03",2016-03-12,"sabado","sabado",NA,NA
"PM13222",2016-03-12 02:15:00,0.11,227,1,35.5660206,-0.6754693,0.2348934,0.1,-0.05994317,0.06,-0.01096975,0.05,-0.4038587,"02","Saturday","12","03",2016-03-12,"sabado","sabado",NA,NA
"PM20025",2016-03-12 01:00:00,0.1,224,1,21.0240956,-0.2365989,0.2153673,0.11,-0.05994317,0.06,0.2837966,0.06,0.1855462,"01","Saturday","12","03",2016-03-12,"sabado","sabado",NA,NA
"PM20025",2016-03-12 01:30:00,0.06,168,1,21.0240956,-0.2365989,0.2153673,0.06,0.1856991,0.06,-0.2566083,0.08,0.1364292,"01","Saturday","12","03",2016-03-12,"sabado","sabado",NA,NA
"PM20025",2016-03-12 01:45:00,0.06,144,1,13.7531294,-0.2365989,0.2153673,0.06,-0.256457,0.08,0.1364134,0.05,-0.6494441,"01","Saturday","12","03",2016-03-12,"sabado","sabado",NA,NA
"PM20025",2016-03-12 02:15:00,0.08,159,0,10.11765,-0.2365989,0.2153673,0.05,-0.6494846,0.06,-0.01096975,0.06,-0.1582733,"02","Saturday","12","03",2016-03-12,"sabado","sabado",NA,NA
"PM20041",2016-03-12 01:00:00,0.22,1448,4,79.19184,0.7109336,0.4625043,0.21,1.070011,0.2,1.06984,0.17,1.118771,"01","Saturday","12","03",2016-03-12,"sabado","sabado",NA,NA
"PM20041",2016-03-12 01:15:00,0.21,1408,4,79.19184,0.7109336,0.4625043,0.2,1.070011,0.17,1.118968,0.16,1.118771,"01","Saturday","12","03",2016-03-12,"sabado","sabado",NA,NA
"PM20041",2016-03-12 01:30:00,0.2,1288,3,79.19184,0.7109336,0.4625043,0.17,1.11914,0.16,1.118968,0.14,1.167888,"01","Saturday","12","03",2016-03-12,"sabado","sabado",NA,NA
"PM20041",2016-03-12 01:45:00,0.17,1048,2,82.827312,0.7109336,0.4625043,0.16,1.11914,0.14,1.168095,0.12,1.167888,"01","Saturday","12","03",2016-03-12,"sabado","sabado",NA,NA
"PM20041",2016-03-12 02:00:00,0.16,1080,2,82.827312,0.7109336,0.4625043,0.14,1.168268,0.12,1.168095,0.11,1.315239,"02","Saturday","12","03",2016-03-12,"sabado","sabado",NA,NA
"PM20041",2016-03-12 02:15:00,0.14,909,1,86.462784,0.7109336,0.4625043,0.12,1.168268,0.11,1.315479,0.1,1.069654,"02","Saturday","12","03",2016-03-12,"sabado","sabado",NA,NA
"PM20041",2016-03-12 02:30:00,0.12,788,2,86.462784,0.7109336,0.4625043,0.11,1.315654,0.1,1.06984,0.11,1.167888,"02","Saturday","12","03",2016-03-12,"sabado","sabado",NA,NA
"PM20232",2016-03-12 01:00:00,0.09,580,2,57.3789192,0.5600979,0.2338273,0.08,0.824369,0.08,0.6768183,0.06,0.7749512,"01","Saturday","12","03",2016-03-12,"sabado","sabado",NA,NA
"PM20232",2016-03-12 01:15:00,0.08,500,1,61.0143986,0.5600979,0.2338273,0.08,0.6769837,0.06,0.7750737,0.06,0.5784828,"01","Saturday","12","03",2016-03-12,"sabado","sabado",NA,NA
"PM20232",2016-03-12 01:30:00,0.08,476,1,50.107953,0.5600979,0.2338273,0.06,0.7752406,0.06,0.5785629,0.08,0.8240682,"01","Saturday","12","03",2016-03-12,"sabado","sabado",NA,NA
"PM20232",2016-03-12 01:45:00,0.06,408,1,57.3789192,0.5600979,0.2338273,0.06,0.5787268,0.08,0.8242015,0.05,0.9714195,"01","Saturday","12","03",2016-03-12,"sabado","sabado",NA,NA
"PM20232",2016-03-12 02:00:00,0.06,372,1,42.8369868,0.5600979,0.2338273,0.08,0.824369,0.05,0.9715846,0.06,0.8240682,"02","Saturday","12","03",2016-03-12,"sabado","sabado",NA,NA
"PM20232",2016-03-12 02:15:00,0.08,453,1,61.0143986,0.5600979,0.2338273,0.05,0.9717544,0.06,0.8242015,0.04,0.9223024,"02","Saturday","12","03",2016-03-12,"sabado","sabado",NA,NA
"PM20232",2016-03-12 02:30:00,0.05,280,0,71.9208442,0.5600979,0.2338273,0.06,0.824369,0.04,0.9224569,0.04,0.5293658,"02","Saturday","12","03",2016-03-12,"sabado","sabado",NA,NA
"PM20233",2016-03-12 01:00:00,0.28,624,4,68.2853648,0.401143,0.4756411,0.31,0.824369,0.29,0.8733292,0.25,0.9714195,"01","Saturday","12","03",2016-03-12,"sabado","sabado",NA,NA
"PM20233",2016-03-12 01:15:00,0.31,668,5,61.0143986,0.401143,0.4756411,0.29,0.8734975,0.25,0.9715846,0.19,0.9714195,"01","Saturday","12","03",2016-03-12,"sabado","sabado",NA,NA
"PM20233",2016-03-12 01:30:00,0.29,631,4,64.6498854,0.401143,0.4756411,0.25,0.9717544,0.19,0.9715846,0.18,1.020537,"01","Saturday","12","03",2016-03-12,"sabado","sabado",NA,NA
"PM20233",2016-03-12 01:45:00,0.25,527,4,71.9208442,0.401143,0.4756411,0.19,0.9717544,0.18,1.020712,0.18,1.020537,"01","Saturday","12","03",2016-03-12,"sabado","sabado",NA,NA
"PM20233",2016-03-12 02:00:00,0.19,416,3,71.9208442,0.401143,0.4756411,0.18,1.020883,0.18,1.020712,0.18,1.217005,"02","Saturday","12","03",2016-03-12,"sabado","sabado",NA,NA
"PM20233",2016-03-12 02:15:00,0.18,398,2,75.556294,0.401143,0.4756411,0.18,1.020883,0.18,1.217223,0.15,1.167888,"02","Saturday","12","03",2016-03-12,"sabado","sabado",NA,NA
"PM20233",2016-03-12 02:30:00,0.18,384,3,75.556294,0.401143,0.4756411,0.18,1.217397,0.15,1.168095,0.12,1.069654,"02","Saturday","12","03",2016-03-12,"sabado","sabado",NA,NA
"PM20262",2016-03-12 01:00:00,0.15,1301,2,64.6498854,0.8420773,0.3085999,0.16,0.9226259,0.15,0.9715846,0.12,0.8240682,"01","Saturday","12","03",2016-03-12,"sabado","sabado",NA,NA
"PM20262",2016-03-12 01:15:00,0.16,1332,2,68.2853648,0.8420773,0.3085999,0.15,0.9717544,0.12,0.8242015,0.11,0.8731853,"01","Saturday","12","03",2016-03-12,"sabado","sabado",NA,NA
"PM20262",2016-03-12 01:30:00,0.15,1176,2,71.9208442,0.8420773,0.3085999,0.12,0.824369,0.11,0.8733292,0.11,1.020537,"01","Saturday","12","03",2016-03-12,"sabado","sabado",NA,NA
"PM20262",2016-03-12 01:45:00,0.12,1016,1,61.0143986,0.8420773,0.3085999,0.11,0.8734975,0.11,1.020712,0.08,0.9223024,"01","Saturday","12","03",2016-03-12,"sabado","sabado",NA,NA
"PM20262",2016-03-12 02:00:00,0.11,901,2,64.6498854,0.8420773,0.3085999,0.11,1.020883,0.08,0.9224569,0.09,1.069654,"02","Saturday","12","03",2016-03-12,"sabado","sabado",NA,NA
"PM20262",2016-03-12 02:15:00,0.11,875,1,75.556294,0.8420773,0.3085999,0.08,0.9226259,0.09,1.06984,0.08,0.9223024,"02","Saturday","12","03",2016-03-12,"sabado","sabado",NA,NA
"PM20262",2016-03-12 02:30:00,0.08,760,1,68.2853648,0.8420773,0.3085999,0.09,1.070011,0.08,0.9224569,0.06,1.069654,"02","Saturday","12","03",2016-03-12,"sabado","sabado",NA,NA
"PM20411",2016-03-12 01:00:00,0.14,1160,2,64.6498854,0.8673008,0.3826699,0.13,0.824369,0.1,0.9224569,0.11,0.9223024,"01","Saturday","12","03",2016-03-12,"sabado","sabado",NA,NA
"PM20411",2016-03-12 01:15:00,0.13,1137,2,61.0143986,0.8673008,0.3826699,0.1,0.9226259,0.11,0.9224569,0.1,0.8731853,"01","Saturday","12","03",2016-03-12,"sabado","sabado",NA,NA
"PM20411",2016-03-12 01:30:00,0.1,872,1,68.2853648,0.8673008,0.3826699,0.11,0.9226259,0.1,0.8733292,0.08,0.8731853,"01","Saturday","12","03",2016-03-12,"sabado","sabado",NA,NA
"PM20411",2016-03-12 01:45:00,0.11,872,2,68.2853648,0.8673008,0.3826699,0.1,0.8734975,0.08,0.8733292,0.07,1.020537,"01","Saturday","12","03",2016-03-12,"sabado","sabado",NA,NA
"PM20411",2016-03-12 02:00:00,0.1,820,2,64.6498854,0.8673008,0.3826699,0.08,0.8734975,0.07,1.020712,0.06,0.8731853,"02","Saturday","12","03",2016-03-12,"sabado","sabado",NA,NA
"PM20411",2016-03-12 02:15:00,0.08,651,1,64.6498854,0.8673008,0.3826699,0.07,1.020883,0.06,0.8733292,0.06,0.8731853,"02","Saturday","12","03",2016-03-12,"sabado","sabado",NA,NA
"PM20411",2016-03-12 02:30:00,0.07,572,1,75.556294,0.8673008,0.3826699,0.06,0.8734975,0.06,0.8733292,0.07,0.9714195,"02","Saturday","12","03",2016-03-12,"sabado","sabado",NA,NA
"PM20412",2016-03-12 01:00:00,0.19,1241,3,50.107953,0.5062152,0.3483874,0.19,0.7752406,0.15,0.8242015,0.14,0.8240682,"01","Saturday","12","03",2016-03-12,"sabado","sabado",NA,NA
"PM20412",2016-03-12 01:15:00,0.19,1224,3,57.3789192,0.5062152,0.3483874,0.15,0.824369,0.14,0.8242015,0.13,0.7258341,"01","Saturday","12","03",2016-03-12,"sabado","sabado",NA,NA
"PM20412",2016-03-12 01:30:00,0.15,1049,2,61.0143986,0.5062152,0.3483874,0.14,0.824369,0.13,0.725946,0.15,0.7749512,"01","Saturday","12","03",2016-03-12,"sabado","sabado",NA,NA
"PM20412",2016-03-12 01:45:00,0.14,947,2,61.0143986,0.5062152,0.3483874,0.13,0.7261121,0.15,0.7750737,0.11,0.7258341,"01","Saturday","12","03",2016-03-12,"sabado","sabado",NA,NA
"PM20412",2016-03-12 02:00:00,0.13,797,2,53.7434324,0.5062152,0.3483874,0.15,0.7752406,0.11,0.725946,0.11,0.8240682,"02","Saturday","12","03",2016-03-12,"sabado","sabado",NA,NA
"PM20412",2016-03-12 02:15:00,0.15,870,2,57.3789192,0.5062152,0.3483874,0.11,0.7261121,0.11,0.8242015,0.09,0.8731853,"02","Saturday","12","03",2016-03-12,"sabado","sabado",NA,NA
"PM20412",2016-03-12 02:30:00,0.11,717,2,53.7434324,0.5062152,0.3483874,0.11,0.824369,0.09,0.8733292,0.09,0.8731853,"02","Saturday","12","03",2016-03-12,"sabado","sabado",NA,NA
"PM20471",2016-03-12 01:00:00,0.12,708,2,68.2853648,0.8814394,0.3316731,0.09,0.9226259,0.08,0.9224569,0.09,1.020537,"01","Saturday","12","03",2016-03-12,"sabado","sabado",NA,NA
"PM20471",2016-03-12 01:15:00,0.09,673,1,68.2853648,0.8814394,0.3316731,0.08,0.9226259,0.09,1.020712,0.09,0.8240682,"01","Saturday","12","03",2016-03-12,"sabado","sabado",NA,NA
"PM20471",2016-03-12 01:30:00,0.08,552,1,68.2853648,0.8814394,0.3316731,0.09,1.020883,0.09,0.8242015,0.08,0.9223024,"01","Saturday","12","03",2016-03-12,"sabado","sabado",NA,NA
"PM20471",2016-03-12 01:45:00,0.09,536,1,75.556294,0.8814394,0.3316731,0.09,0.824369,0.08,0.9224569,0.05,1.118771,"01","Saturday","12","03",2016-03-12,"sabado","sabado",NA,NA
"PM20471",2016-03-12 02:00:00,0.09,496,1,61.0143986,0.8814394,0.3316731,0.08,0.9226259,0.05,1.118968,0.06,1.020537,"02","Saturday","12","03",2016-03-12,"sabado","sabado",NA,NA
"PM20471",2016-03-12 02:15:00,0.08,446,1,68.2853648,0.8814394,0.3316731,0.05,1.11914,0.06,1.020712,0.05,1.020537,"02","Saturday","12","03",2016-03-12,"sabado","sabado",NA,NA
"PM20471",2016-03-12 02:30:00,0.05,376,1,82.827312,0.8814394,0.3316731,0.06,1.020883,0.05,1.020712,0.05,1.020537,"02","Saturday","12","03",2016-03-12,"sabado","sabado",NA,NA
"PM20473",2016-03-12 01:00:00,0.22,464,3,53.7434324,0.09122619,0.4149798,0.21,0.6278552,0.17,0.9224569,0.16,0.7749512,"01","Saturday","12","03",2016-03-12,"sabado","sabado",NA,NA
"PM20473",2016-03-12 01:15:00,0.21,468,3,46.4724736,0.09122619,0.4149798,0.17,0.9226259,0.16,0.7750737,0.13,0.7749512,"01","Saturday","12","03",2016-03-12,"sabado","sabado",NA,NA
"PM20473",2016-03-12 01:30:00,0.17,348,2,68.2853648,0.09122619,0.4149798,0.16,0.7752406,0.13,0.7750737,0.1,0.8240682,"01","Saturday","12","03",2016-03-12,"sabado","sabado",NA,NA
"PM20473",2016-03-12 01:45:00,0.16,369,2,57.3789192,0.09122619,0.4149798,0.13,0.7752406,0.1,0.8242015,0.09,0.9223024,"01","Saturday","12","03",2016-03-12,"sabado","sabado",NA,NA
"PM20473",2016-03-12 02:00:00,0.13,321,3,57.3789192,0.09122619,0.4149798,0.1,0.824369,0.09,0.9224569,0.1,0.7749512,"02","Saturday","12","03",2016-03-12,"sabado","sabado",NA,NA
"PM20473",2016-03-12 02:15:00,0.1,210,2,61.0143986,0.09122619,0.4149798,0.09,0.9226259,0.1,0.7750737,0.06,0.7258341,"02","Saturday","12","03",2016-03-12,"sabado","sabado",NA,NA
"PM20473",2016-03-12 02:30:00,0.09,200,1,68.2853648,0.09122619,0.4149798,0.1,0.7752406,0.06,0.725946,0.08,0.4311316,"02","Saturday","12","03",2016-03-12,"sabado","sabado",NA,NA
"PM20571",2016-03-12 01:00:00,0.11,696,2,61.0143986,0.9398745,0.3510956,0.1,0.8734975,0.09,0.9224569,0.09,0.9223024,"01","Saturday","12","03",2016-03-12,"sabado","sabado",NA,NA
"PM20571",2016-03-12 01:15:00,0.1,695,1,64.6498854,0.9398745,0.3510956,0.09,0.9226259,0.09,0.9224569,0.09,0.8731853,"01","Saturday","12","03",2016-03-12,"sabado","sabado",NA,NA
"PM20571",2016-03-12 01:30:00,0.09,536,1,68.2853648,0.9398745,0.3510956,0.09,0.9226259,0.09,0.8733292,0.08,0.8731853,"01","Saturday","12","03",2016-03-12,"sabado","sabado",NA,NA
"PM20571",2016-03-12 01:45:00,0.09,504,1,68.2853648,0.9398745,0.3510956,0.09,0.8734975,0.08,0.8733292,0.06,0.9714195,"01","Saturday","12","03",2016-03-12,"sabado","sabado",NA,NA
"PM20571",2016-03-12 02:00:00,0.09,513,1,64.6498854,0.9398745,0.3510956,0.08,0.8734975,0.06,0.9715846,0.06,1.167888,"02","Saturday","12","03",2016-03-12,"sabado","sabado",NA,NA
"PM20571",2016-03-12 02:15:00,0.08,475,1,64.6498854,0.9398745,0.3510956,0.06,0.9717544,0.06,1.168095,0.07,1.118771,"02","Saturday","12","03",2016-03-12,"sabado","sabado",NA,NA
"PM20571",2016-03-12 02:30:00,0.06,377,1,71.9208442,0.9398745,0.3510956,0.06,1.168268,0.07,1.118968,0.05,0.9714195,"02","Saturday","12","03",2016-03-12,"sabado","sabado",NA,NA
"PM20661",2016-03-12 01:00:00,0.1,640,2,61.0143986,0.8344935,0.3502673,0.1,0.824369,0.09,0.8242015,0.08,0.8240682,"01","Saturday","12","03",2016-03-12,"sabado","sabado",NA,NA
"PM20661",2016-03-12 01:15:00,0.1,636,1,61.0143986,0.8344935,0.3502673,0.09,0.824369,0.08,0.8242015,0.07,0.8731853,"01","Saturday","12","03",2016-03-12,"sabado","sabado",NA,NA
"PM20661",2016-03-12 01:30:00,0.09,567,1,61.0143986,0.8344935,0.3502673,0.08,0.824369,0.07,0.8733292,0.07,0.9223024,"01","Saturday","12","03",2016-03-12,"sabado","sabado",NA,NA
"PM20661",2016-03-12 01:45:00,0.08,488,1,61.0143986,0.8344935,0.3502673,0.07,0.8734975,0.07,0.9224569,0.05,0.8731853,"01","Saturday","12","03",2016-03-12,"sabado","sabado",NA,NA
"PM20661",2016-03-12 02:00:00,0.07,460,1,64.6498854,0.8344935,0.3502673,0.07,0.9226259,0.05,0.8733292,0.05,1.069654,"02","Saturday","12","03",2016-03-12,"sabado","sabado",NA,NA
"PM20661",2016-03-12 02:15:00,0.07,425,1,68.2853648,0.8344935,0.3502673,0.05,0.8734975,0.05,1.06984,0.06,0.8240682,"02","Saturday","12","03",2016-03-12,"sabado","sabado",NA,NA
"PM20661",2016-03-12 02:30:00,0.05,368,1,64.6498854,0.8344935,0.3502673,0.05,1.070011,0.06,0.8242015,0.04,0.8731853,"02","Saturday","12","03",2016-03-12,"sabado","sabado",NA,NA
"PM20721",2016-03-12 01:00:00,0.11,951,2,57.3789192,0.6543446,0.3595764,0.11,0.6769837,0.09,0.8733292,0.09,0.8240682,"01","Saturday","12","03",2016-03-12,"sabado","sabado",NA,NA
"PM20721",2016-03-12 01:15:00,0.11,923,2,50.107953,0.6543446,0.3595764,0.09,0.8734975,0.09,0.8242015,0.07,0.8240682,"01","Saturday","12","03",2016-03-12,"sabado","sabado",NA,NA
"PM20721",2016-03-12 01:30:00,0.09,780,1,64.6498854,0.6543446,0.3595764,0.09,0.824369,0.07,0.8242015,0.07,0.9223024,"01","Saturday","12","03",2016-03-12,"sabado","sabado",NA,NA
"PM20721",2016-03-12 01:45:00,0.09,761,1,61.0143986,0.6543446,0.3595764,0.07,0.824369,0.07,0.9224569,0.05,0.8240682,"01","Saturday","12","03",2016-03-12,"sabado","sabado",NA,NA
"PM20721",2016-03-12 02:00:00,0.07,632,1,61.0143986,0.6543446,0.3595764,0.07,0.9226259,0.05,0.8242015,0.06,1.118771,"02","Saturday","12","03",2016-03-12,"sabado","sabado",NA,NA
"PM20721",2016-03-12 02:15:00,0.07,531,1,68.2853648,0.6543446,0.3595764,0.05,0.824369,0.06,1.118968,0.06,0.7749512,"02","Saturday","12","03",2016-03-12,"sabado","sabado",NA,NA
"PM20721",2016-03-12 02:30:00,0.05,488,1,61.0143986,0.6543446,0.3595764,0.06,1.11914,0.06,0.7750737,0.05,0.8731853,"02","Saturday","12","03",2016-03-12,"sabado","sabado",NA,NA
"PM20722",2016-03-12 01:00:00,0.2,1368,4,50.107953,0.3021629,0.4160343,0.23,0.6769837,0.19,0.7750737,0.17,0.6275999,"01","Saturday","12","03",2016-03-12,"sabado","sabado",NA,NA
"PM20722",2016-03-12 01:15:00,0.23,1416,4,50.107953,0.3021629,0.4160343,0.19,0.7752406,0.17,0.6276906,0.14,0.7258341,"01","Saturday","12","03",2016-03-12,"sabado","sabado",NA,NA
"PM20722",2016-03-12 01:30:00,0.19,1221,3,57.3789192,0.3021629,0.4160343,0.17,0.6278552,0.14,0.725946,0.13,0.7258341,"01","Saturday","12","03",2016-03-12,"sabado","sabado",NA,NA
"PM20722",2016-03-12 01:45:00,0.17,1184,3,46.4724736,0.3021629,0.4160343,0.14,0.7261121,0.13,0.725946,0.12,0.7749512,"01","Saturday","12","03",2016-03-12,"sabado","sabado",NA,NA
"PM20722",2016-03-12 02:00:00,0.14,940,2,53.7434324,0.3021629,0.4160343,0.13,0.7261121,0.12,0.7750737,0.11,0.8731853,"02","Saturday","12","03",2016-03-12,"sabado","sabado",NA,NA
"PM20722",2016-03-12 02:15:00,0.13,819,2,53.7434324,0.3021629,0.4160343,0.12,0.7752406,0.11,0.8733292,0.1,0.8240682,"02","Saturday","12","03",2016-03-12,"sabado","sabado",NA,NA
"PM20722",2016-03-12 02:30:00,0.12,728,2,57.3789192,0.3021629,0.4160343,0.11,0.8734975,0.1,0.8242015,0.08,0.9223024,"02","Saturday","12","03",2016-03-12,"sabado","sabado",NA,NA
"PM20831",2016-03-12 01:00:00,0.11,672,2,53.7434324,0.4573612,0.3619179,0.12,0.7261121,0.1,0.7750737,0.08,0.6275999,"01","Saturday","12","03",2016-03-12,"sabado","sabado",NA,NA
"PM20831",2016-03-12 01:15:00,0.12,708,2,53.7434324,0.4573612,0.3619179,0.1,0.7752406,0.08,0.6276906,0.07,0.676717,"01","Saturday","12","03",2016-03-12,"sabado","sabado",NA,NA
"PM20831",2016-03-12 01:30:00,0.1,644,2,57.3789192,0.4573612,0.3619179,0.08,0.6278552,0.07,0.6768183,0.07,0.676717,"01","Saturday","12","03",2016-03-12,"sabado","sabado",NA,NA
"PM20831",2016-03-12 01:45:00,0.08,597,1,46.4724736,0.4573612,0.3619179,0.07,0.6769837,0.07,0.6768183,0.05,0.4311316,"01","Saturday","12","03",2016-03-12,"sabado","sabado",NA,NA
"PM20831",2016-03-12 02:00:00,0.07,468,1,50.107953,0.4573612,0.3619179,0.07,0.6769837,0.05,0.4311797,0.05,0.6275999,"02","Saturday","12","03",2016-03-12,"sabado","sabado",NA,NA
"PM20831",2016-03-12 02:15:00,0.07,428,1,50.107953,0.4573612,0.3619179,0.05,0.4313414,0.05,0.6276906,0.05,0.3820145,"02","Saturday","12","03",2016-03-12,"sabado","sabado",NA,NA
"PM20831",2016-03-12 02:30:00,0.05,340,0,31.9305412,0.4573612,0.3619179,0.05,0.6278552,0.05,0.382052,0.04,0.676717,"02","Saturday","12","03",2016-03-12,"sabado","sabado",NA,NA
"PM20832",2016-03-12 01:00:00,0.18,819,3,50.107953,0.3450294,0.3933913,0.17,0.7752406,0.18,0.6768183,0.16,0.8240682,"01","Saturday","12","03",2016-03-12,"sabado","sabado",NA,NA
"PM20832",2016-03-12 01:15:00,0.17,760,3,57.3789192,0.3450294,0.3933913,0.18,0.6769837,0.16,0.8242015,0.13,0.7749512,"01","Saturday","12","03",2016-03-12,"sabado","sabado",NA,NA
"PM20832",2016-03-12 01:30:00,0.18,779,3,50.107953,0.3450294,0.3933913,0.16,0.824369,0.13,0.7750737,0.13,0.7258341,"01","Saturday","12","03",2016-03-12,"sabado","sabado",NA,NA
"PM20832",2016-03-12 01:45:00,0.16,720,2,61.0143986,0.3450294,0.3933913,0.13,0.7752406,0.13,0.725946,0.09,0.7749512,"01","Saturday","12","03",2016-03-12,"sabado","sabado",NA,NA
"PM20832",2016-03-12 02:00:00,0.13,556,2,57.3789192,0.3450294,0.3933913,0.13,0.7261121,0.09,0.7750737,0.11,0.8240682,"02","Saturday","12","03",2016-03-12,"sabado","sabado",NA,NA
"PM20832",2016-03-12 02:15:00,0.13,515,2,53.7434324,0.3450294,0.3933913,0.09,0.7752406,0.11,0.8242015,0.09,0.9223024,"02","Saturday","12","03",2016-03-12,"sabado","sabado",NA,NA
"PM20832",2016-03-12 02:30:00,0.09,424,1,57.3789192,0.3450294,0.3933913,0.11,0.824369,0.09,0.9224569,0.08,0.7749512,"02","Saturday","12","03",2016-03-12,"sabado","sabado",NA,NA
"PM20834",2016-03-12 01:00:00,0.13,289,2,39.2015074,-0.3950688,0.3472419,0.09,0.4313414,0.07,0.03815797,0.06,0.2837804,"01","Saturday","12","03",2016-03-12,"sabado","sabado",NA,NA
"PM20834",2016-03-12 01:15:00,0.09,204,1,31.9305412,-0.3950688,0.3472419,0.07,0.03831374,0.06,0.2837966,0.07,0.4802487,"01","Saturday","12","03",2016-03-12,"sabado","sabado",NA,NA
"PM20834",2016-03-12 01:30:00,0.07,157,1,2.84668158,-0.3950688,0.3472419,0.06,0.283956,0.07,0.4803074,0.06,0.5293658,"01","Saturday","12","03",2016-03-12,"sabado","sabado",NA,NA
"PM20834",2016-03-12 01:45:00,0.06,132,1,21.0240956,-0.3950688,0.3472419,0.07,0.4804698,0.06,0.5294352,0.07,0.1855462,"01","Saturday","12","03",2016-03-12,"sabado","sabado",NA,NA
"PM20834",2016-03-12 02:00:00,0.07,148,1,35.5660206,-0.3950688,0.3472419,0.06,0.5295983,0.07,0.1855411,0.05,0.3328975,"02","Saturday","12","03",2016-03-12,"sabado","sabado",NA,NA
"PM20834",2016-03-12 02:15:00,0.06,143,0,39.2015074,-0.3950688,0.3472419,0.07,0.1856991,0.05,0.3329243,0.06,0.3328975,"02","Saturday","12","03",2016-03-12,"sabado","sabado",NA,NA
"PM20834",2016-03-12 02:30:00,0.07,145,0,13.7531294,-0.3950688,0.3472419,0.05,0.3330845,0.06,0.3329243,0.06,0.6275999,"02","Saturday","12","03",2016-03-12,"sabado","sabado",NA,NA
"PM20873",2016-03-12 01:00:00,0.09,384,1,39.2015074,0.1670715,0.3022739,0.07,0.6769837,0.06,0.4803074,0.08,0.5293658,"01","Saturday","12","03",2016-03-12,"sabado","sabado",NA,NA
"PM20873",2016-03-12 01:15:00,0.07,337,1,50.107953,0.1670715,0.3022739,0.06,0.4804698,0.08,0.5294352,0.07,0.2837804,"01","Saturday","12","03",2016-03-12,"sabado","sabado",NA,NA
"PM20873",2016-03-12 01:30:00,0.06,307,1,35.5660206,0.1670715,0.3022739,0.08,0.5295983,0.07,0.2837966,0.05,0.2346633,"01","Saturday","12","03",2016-03-12,"sabado","sabado",NA,NA
"PM20873",2016-03-12 01:45:00,0.08,321,1,39.2015074,0.1670715,0.3022739,0.07,0.283956,0.05,0.2346688,0.04,0.3820145,"01","Saturday","12","03",2016-03-12,"sabado","sabado",NA,NA
"PM20873",2016-03-12 02:00:00,0.07,260,2,21.0240956,0.1670715,0.3022739,0.05,0.2348276,0.04,0.382052,0.05,0.3820145,"02","Saturday","12","03",2016-03-12,"sabado","sabado",NA,NA
"PM20873",2016-03-12 02:15:00,0.05,252,1,17.3886088,0.1670715,0.3022739,0.04,0.3822129,0.05,0.382052,0.04,0.1364292,"02","Saturday","12","03",2016-03-12,"sabado","sabado",NA,NA
"PM20873",2016-03-12 02:30:00,0.04,196,1,28.2950618,0.1670715,0.3022739,0.05,0.3822129,0.04,0.1364134,0.03,0.2837804,"02","Saturday","12","03",2016-03-12,"sabado","sabado",NA,NA
"PM20912",2016-03-12 01:00:00,0.2,900,3,42.8369868,0.2780998,0.4118778,0.19,0.5787268,0.17,0.6276906,0.16,0.6275999,"01","Saturday","12","03",2016-03-12,"sabado","sabado",NA,NA
"PM20912",2016-03-12 01:15:00,0.19,824,3,42.8369868,0.2780998,0.4118778,0.17,0.6278552,0.16,0.6276906,0.14,0.5293658,"01","Saturday","12","03",2016-03-12,"sabado","sabado",NA,NA
"PM20912",2016-03-12 01:30:00,0.17,720,3,46.4724736,0.2780998,0.4118778,0.16,0.6278552,0.14,0.5294352,0.13,0.5784828,"01","Saturday","12","03",2016-03-12,"sabado","sabado",NA,NA
"PM20912",2016-03-12 01:45:00,0.16,624,3,46.4724736,0.2780998,0.4118778,0.14,0.5295983,0.13,0.5785629,0.11,0.6275999,"01","Saturday","12","03",2016-03-12,"sabado","sabado",NA,NA
"PM20912",2016-03-12 02:00:00,0.14,640,2,39.2015074,0.2780998,0.4118778,0.13,0.5787268,0.11,0.6276906,0.11,0.6275999,"02","Saturday","12","03",2016-03-12,"sabado","sabado",NA,NA
"PM20912",2016-03-12 02:15:00,0.13,549,2,42.8369868,0.2780998,0.4118778,0.11,0.6278552,0.11,0.6276906,0.11,0.5784828,"02","Saturday","12","03",2016-03-12,"sabado","sabado",NA,NA
"PM20912",2016-03-12 02:30:00,0.11,516,2,46.4724736,0.2780998,0.4118778,0.11,0.6278552,0.11,0.5785629,0.11,0.6275999,"02","Saturday","12","03",2016-03-12,"sabado","sabado",NA,NA
"PM20976",2016-03-12 01:00:00,0.36,737,10,53.7434324,0.1113855,0.6059247,0.39,0.5295983,0.3,0.6768183,0.27,0.4802487,"01","Saturday","12","03",2016-03-12,"sabado","sabado",NA,NA
"PM20976",2016-03-12 01:15:00,0.39,812,11,39.2015074,0.1113855,0.6059247,0.3,0.6769837,0.27,0.4803074,0.2,0.676717,"01","Saturday","12","03",2016-03-12,"sabado","sabado",NA,NA
"PM20976",2016-03-12 01:30:00,0.3,608,7,50.107953,0.1113855,0.6059247,0.27,0.4804698,0.2,0.6768183,0.22,0.7258341,"01","Saturday","12","03",2016-03-12,"sabado","sabado",NA,NA
"PM20976",2016-03-12 01:45:00,0.27,547,8,35.5660206,0.1113855,0.6059247,0.2,0.6769837,0.22,0.725946,0.21,0.7749512,"01","Saturday","12","03",2016-03-12,"sabado","sabado",NA,NA
"PM20976",2016-03-12 02:00:00,0.2,412,4,50.107953,0.1113855,0.6059247,0.22,0.7261121,0.21,0.7750737,0.16,0.8731853,"02","Saturday","12","03",2016-03-12,"sabado","sabado",NA,NA
"PM20976",2016-03-12 02:15:00,0.22,433,6,53.7434324,0.1113855,0.6059247,0.21,0.7752406,0.16,0.8733292,0.16,0.9223024,"02","Saturday","12","03",2016-03-12,"sabado","sabado",NA,NA
"PM20976",2016-03-12 02:30:00,0.21,404,5,57.3789192,0.1113855,0.6059247,0.16,0.8734975,0.16,0.9224569,0.15,0.8731853,"02","Saturday","12","03",2016-03-12,"sabado","sabado",NA,NA
"PM21236",2016-03-12 01:30:00,0.05,88,1,13.7531294,-0.06493179,0.1505261,0.03,-1.091641,0.05,-0.2566083,0.04,-0.6494441,"01","Saturday","12","03",2016-03-12,"sabado","sabado",NA,NA
"PM21941",2016-03-12 01:00:00,0.15,940,2,57.3789192,0.1669587,0.4191592,0.14,0.824369,0.12,0.6768183,0.1,0.676717,"01","Saturday","12","03",2016-03-12,"sabado","sabado",NA,NA
"PM21941",2016-03-12 01:15:00,0.14,836,2,61.0143986,0.1669587,0.4191592,0.12,0.6769837,0.1,0.6768183,0.09,0.7749512,"01","Saturday","12","03",2016-03-12,"sabado","sabado",NA,NA
"PM21941",2016-03-12 01:30:00,0.12,720,2,50.107953,0.1669587,0.4191592,0.1,0.6769837,0.09,0.7750737,0.1,0.8731853,"01","Saturday","12","03",2016-03-12,"sabado","sabado",NA,NA
"PM21941",2016-03-12 01:45:00,0.1,636,2,50.107953,0.1669587,0.4191592,0.09,0.7752406,0.1,0.8733292,0.07,0.8240682,"01","Saturday","12","03",2016-03-12,"sabado","sabado",NA,NA
"PM21941",2016-03-12 02:00:00,0.09,572,1,57.3789192,0.1669587,0.4191592,0.1,0.8734975,0.07,0.8242015,0.08,0.8240682,"02","Saturday","12","03",2016-03-12,"sabado","sabado",NA,NA
"PM21941",2016-03-12 02:15:00,0.1,583,2,64.6498854,0.1669587,0.4191592,0.07,0.824369,0.08,0.8242015,0.09,0.9223024,"02","Saturday","12","03",2016-03-12,"sabado","sabado",NA,NA
"PM21941",2016-03-12 02:30:00,0.07,471,1,61.0143986,0.1669587,0.4191592,0.08,0.824369,0.09,0.9224569,0.07,0.9223024,"02","Saturday","12","03",2016-03-12,"sabado","sabado",NA,NA
"PM22211",2016-03-12 01:00:00,0.09,588,1,86.462784,0.9732689,0.2745641,0.1,1.168268,0.07,1.06984,0.08,1.266122,"01","Saturday","12","03",2016-03-12,"sabado","sabado",NA,NA
"PM22211",2016-03-12 01:15:00,0.1,600,1,86.462784,0.9732689,0.2745641,0.07,1.070011,0.08,1.266351,0.04,1.167888,"01","Saturday","12","03",2016-03-12,"sabado","sabado",NA,NA
"PM22211",2016-03-12 01:30:00,0.07,464,1,79.19184,0.9732689,0.2745641,0.08,1.266525,0.04,1.168095,0.06,1.315239,"01","Saturday","12","03",2016-03-12,"sabado","sabado",NA,NA
"PM22211",2016-03-12 01:45:00,0.08,444,1,93.733728,0.9732689,0.2745641,0.04,1.168268,0.06,1.315479,0.04,1.167888,"01","Saturday","12","03",2016-03-12,"sabado","sabado",NA,NA
"PM22211",2016-03-12 02:00:00,0.04,321,1,86.462784,0.9732689,0.2745641,0.06,1.315654,0.04,1.168095,0.04,1.266122,"02","Saturday","12","03",2016-03-12,"sabado","sabado",NA,NA
"PM22211",2016-03-12 02:15:00,0.06,300,1,97.3692,0.9732689,0.2745641,0.04,1.168268,0.04,1.266351,0.05,0.9714195,"02","Saturday","12","03",2016-03-12,"sabado","sabado",NA,NA
"PM22211",2016-03-12 02:30:00,0.04,300,0,86.462784,0.9732689,0.2745641,0.04,1.266525,0.05,0.9715846,0.04,1.315239,"02","Saturday","12","03",2016-03-12,"sabado","sabado",NA,NA
"PM22241",2016-03-12 01:00:00,0.07,456,1,75.556294,0.8607025,0.2190459,0.08,1.020883,0.06,1.06984,0.05,1.118771,"01","Saturday","12","03",2016-03-12,"sabado","sabado",NA,NA
"PM22241",2016-03-12 01:15:00,0.08,460,1,75.556294,0.8607025,0.2190459,0.06,1.070011,0.05,1.118968,0.05,1.118771,"01","Saturday","12","03",2016-03-12,"sabado","sabado",NA,NA
"PM22241",2016-03-12 01:30:00,0.06,433,1,79.19184,0.8607025,0.2190459,0.05,1.11914,0.05,1.118968,0.04,1.118771,"01","Saturday","12","03",2016-03-12,"sabado","sabado",NA,NA
"PM22241",2016-03-12 01:45:00,0.05,317,0,82.827312,0.8607025,0.2190459,0.05,1.11914,0.04,1.118968,0.03,1.020537,"01","Saturday","12","03",2016-03-12,"sabado","sabado",NA,NA
"PM22241",2016-03-12 02:00:00,0.05,264,1,82.827312,0.8607025,0.2190459,0.04,1.11914,0.03,1.020712,0.03,1.118771,"02","Saturday","12","03",2016-03-12,"sabado","sabado",NA,NA
"PM22241",2016-03-12 02:15:00,0.04,257,1,82.827312,0.8607025,0.2190459,0.03,1.020883,0.03,1.118968,0.04,0.9714195,"02","Saturday","12","03",2016-03-12,"sabado","sabado",NA,NA
"PM22241",2016-03-12 02:30:00,0.03,216,0,75.556294,0.8607025,0.2190459,0.03,1.11914,0.04,0.9715846,0.03,0.9714195,"02","Saturday","12","03",2016-03-12,"sabado","sabado",NA,NA
"PM22341",2016-03-12 01:00:00,0.08,443,1,57.3789192,0.6453011,0.2230064,0.09,0.824369,0.07,0.9224569,0.05,0.676717,"01","Saturday","12","03",2016-03-12,"sabado","sabado",NA,NA
"PM22341",2016-03-12 01:15:00,0.09,513,1,61.0143986,0.6453011,0.2230064,0.07,0.9226259,0.05,0.6768183,0.07,0.7749512,"01","Saturday","12","03",2016-03-12,"sabado","sabado",NA,NA
"PM22341",2016-03-12 01:30:00,0.07,408,1,68.2853648,0.6453011,0.2230064,0.05,0.6769837,0.07,0.7750737,0.04,0.8731853,"01","Saturday","12","03",2016-03-12,"sabado","sabado",NA,NA
"PM22341",2016-03-12 01:45:00,0.05,320,1,50.107953,0.6453011,0.2230064,0.07,0.7752406,0.04,0.8733292,0.03,0.8240682,"01","Saturday","12","03",2016-03-12,"sabado","sabado",NA,NA
"PM22341",2016-03-12 02:00:00,0.07,424,1,57.3789192,0.6453011,0.2230064,0.04,0.8734975,0.03,0.8242015,0.03,0.5784828,"02","Saturday","12","03",2016-03-12,"sabado","sabado",NA,NA
"PM22341",2016-03-12 02:15:00,0.04,283,1,64.6498854,0.6453011,0.2230064,0.03,0.824369,0.03,0.5785629,0.04,1.069654,"02","Saturday","12","03",2016-03-12,"sabado","sabado",NA,NA
"PM22341",2016-03-12 02:30:00,0.03,261,0,61.0143986,0.6453011,0.2230064,0.03,0.5787268,0.04,1.06984,0.03,0.7749512,"02","Saturday","12","03",2016-03-12,"sabado","sabado",NA,NA
"PM22391",2016-03-12 01:00:00,0.07,461,1,68.2853648,0.7797124,0.2378889,0.09,0.9717544,0.06,0.9715846,0.06,0.7749512,"01","Saturday","12","03",2016-03-12,"sabado","sabado",NA,NA
"PM22391",2016-03-12 01:15:00,0.09,536,2,71.9208442,0.7797124,0.2378889,0.06,0.9717544,0.06,0.7750737,0.07,0.9714195,"01","Saturday","12","03",2016-03-12,"sabado","sabado",NA,NA
"PM22391",2016-03-12 01:30:00,0.06,395,1,71.9208442,0.7797124,0.2378889,0.06,0.7752406,0.07,0.9715846,0.05,1.217005,"01","Saturday","12","03",2016-03-12,"sabado","sabado",NA,NA
"PM22391",2016-03-12 01:45:00,0.06,380,1,57.3789192,0.7797124,0.2378889,0.07,0.9717544,0.05,1.217223,0.03,0.8240682,"01","Saturday","12","03",2016-03-12,"sabado","sabado",NA,NA
"PM22391",2016-03-12 02:00:00,0.07,376,1,71.9208442,0.7797124,0.2378889,0.05,1.217397,0.03,0.8242015,0.03,0.8731853,"02","Saturday","12","03",2016-03-12,"sabado","sabado",NA,NA
"PM22391",2016-03-12 02:15:00,0.05,295,1,90.098256,0.7797124,0.2378889,0.03,0.824369,0.03,0.8733292,0.05,1.118771,"02","Saturday","12","03",2016-03-12,"sabado","sabado",NA,NA
"PM22391",2016-03-12 02:30:00,0.03,268,0,61.0143986,0.7797124,0.2378889,0.03,0.8734975,0.05,1.118968,0.04,0.9223024,"02","Saturday","12","03",2016-03-12,"sabado","sabado",NA,NA
"PM22392",2016-03-12 01:00:00,0.08,172,2,39.2015074,-0.4218219,0.2634228,0.08,0.3822129,0.06,0.1364134,0.09,-0.2073904,"01","Saturday","12","03",2016-03-12,"sabado","sabado",NA,NA
"PM22392",2016-03-12 01:15:00,0.08,183,2,28.2950618,-0.4218219,0.2634228,0.06,0.1365706,0.09,-0.2074806,0.06,-0.4529758,"01","Saturday","12","03",2016-03-12,"sabado","sabado",NA,NA
"PM22392",2016-03-12 01:30:00,0.06,155,1,10.11765,-0.4218219,0.2634228,0.09,-0.2073285,0.06,-0.4531192,0.05,-0.6985612,"01","Saturday","12","03",2016-03-12,"sabado","sabado",NA,NA
"PM22572",2016-03-12 01:00:00,0.09,336,2,17.3886088,-0.4250604,0.1951657,0.06,-0.01081472,0.06,-0.06009747,0.08,0.3328975,"01","Saturday","12","03",2016-03-12,"sabado","sabado",NA,NA
"PM22572",2016-03-12 01:45:00,0.08,313,1,24.659575,-0.4250604,0.1951657,0.05,-0.1582001,0.03,0.4803074,0.05,0.1364292,"01","Saturday","12","03",2016-03-12,"sabado","sabado",NA,NA
"PM22572",2016-03-12 02:15:00,0.03,163,1,35.5660206,-0.4250604,0.1951657,0.05,0.1365706,0.04,0.2346688,0.03,0.08731208,"02","Saturday","12","03",2016-03-12,"sabado","sabado",NA,NA
"PM22572",2016-03-12 02:30:00,0.05,187,2,10.11765,-0.4250604,0.1951657,0.04,0.2348276,0.03,0.08728569,0.04,-1.042381,"02","Saturday","12","03",2016-03-12,"sabado","sabado",NA,NA
"PM23071",2016-03-12 01:00:00,0.15,868,4,46.4724736,0.5906625,0.238716,0.1,0.8734975,0.12,0.5785629,0.09,0.5293658,"01","Saturday","12","03",2016-03-12,"sabado","sabado",NA,NA
"PM23071",2016-03-12 01:15:00,0.1,601,4,64.6498854,0.5906625,0.238716,0.12,0.5787268,0.09,0.5294352,0.06,0.7258341,"01","Saturday","12","03",2016-03-12,"sabado","sabado",NA,NA
"PM23071",2016-03-12 01:30:00,0.12,652,3,42.8369868,0.5906625,0.238716,0.09,0.5295983,0.06,0.725946,0.06,0.7258341,"01","Saturday","12","03",2016-03-12,"sabado","sabado",NA,NA
"PM23071",2016-03-12 01:45:00,0.09,552,1,39.2015074,0.5906625,0.238716,0.06,0.7261121,0.06,0.725946,0.09,0.7749512,"01","Saturday","12","03",2016-03-12,"sabado","sabado",NA,NA
"PM23071",2016-03-12 02:00:00,0.06,396,1,53.7434324,0.5906625,0.238716,0.06,0.7261121,0.09,0.7750737,0.05,0.8731853,"02","Saturday","12","03",2016-03-12,"sabado","sabado",NA,NA
"PM23071",2016-03-12 02:15:00,0.06,343,1,53.7434324,0.5906625,0.238716,0.09,0.7752406,0.05,0.8733292,0.05,0.8240682,"02","Saturday","12","03",2016-03-12,"sabado","sabado",NA,NA
"PM23071",2016-03-12 02:30:00,0.09,411,3,57.3789192,0.5906625,0.238716,0.05,0.8734975,0.05,0.8242015,0.04,0.5784828,"02","Saturday","12","03",2016-03-12,"sabado","sabado",NA,NA
"PM23187",2016-03-12 01:00:00,0.18,1040,3,35.5660206,0.2550446,0.3905087,0.15,0.5787268,0.14,0.6276906,0.11,0.6275999,"01","Saturday","12","03",2016-03-12,"sabado","sabado",NA,NA
"PM23187",2016-03-12 01:15:00,0.15,968,4,42.8369868,0.2550446,0.3905087,0.14,0.6278552,0.11,0.6276906,0.1,0.5784828,"01","Saturday","12","03",2016-03-12,"sabado","sabado",NA,NA
"PM23187",2016-03-12 01:30:00,0.14,792,3,46.4724736,0.2550446,0.3905087,0.11,0.6278552,0.1,0.5785629,0.1,0.6275999,"01","Saturday","12","03",2016-03-12,"sabado","sabado",NA,NA
"PM23187",2016-03-12 01:45:00,0.11,668,2,46.4724736,0.2550446,0.3905087,0.1,0.5787268,0.1,0.6276906,0.08,0.676717,"01","Saturday","12","03",2016-03-12,"sabado","sabado",NA,NA
"PM23187",2016-03-12 02:00:00,0.1,660,2,42.8369868,0.2550446,0.3905087,0.1,0.6278552,0.08,0.6768183,0.07,0.676717,"02","Saturday","12","03",2016-03-12,"sabado","sabado",NA,NA
"PM23187",2016-03-12 02:15:00,0.1,566,1,46.4724736,0.2550446,0.3905087,0.08,0.6769837,0.07,0.6768183,0.1,0.5784828,"02","Saturday","12","03",2016-03-12,"sabado","sabado",NA,NA
"PM23187",2016-03-12 02:30:00,0.08,460,1,50.107953,0.2550446,0.3905087,0.07,0.6769837,0.1,0.5785629,0.06,0.4802487,"02","Saturday","12","03",2016-03-12,"sabado","sabado",NA,NA
"PM31263",2016-03-12 01:00:00,0.12,496,1,79.19184,1.032023,0.2595736,0.1,0.8734975,0.11,1.020712,0.09,1.167888,"01","Saturday","12","03",2016-03-12,"sabado","sabado",NA,NA
"PM31263",2016-03-12 01:15:00,0.1,469,1,64.6498854,1.032023,0.2595736,0.11,1.020883,0.09,1.168095,0.09,0.9714195,"01","Saturday","12","03",2016-03-12,"sabado","sabado",NA,NA
"PM31263",2016-03-12 01:30:00,0.11,504,2,75.556294,1.032023,0.2595736,0.09,1.168268,0.09,0.9715846,0.09,1.167888,"01","Saturday","12","03",2016-03-12,"sabado","sabado",NA,NA
"PM31263",2016-03-12 01:45:00,0.09,396,1,86.462784,1.032023,0.2595736,0.09,0.9717544,0.09,1.168095,0.08,1.069654,"01","Saturday","12","03",2016-03-12,"sabado","sabado",NA,NA
"PM31263",2016-03-12 02:00:00,0.09,392,1,71.9208442,1.032023,0.2595736,0.09,1.168268,0.08,1.06984,0.07,1.069654,"02","Saturday","12","03",2016-03-12,"sabado","sabado",NA,NA
"PM31263",2016-03-12 02:15:00,0.09,338,1,86.462784,1.032023,0.2595736,0.08,1.070011,0.07,1.06984,0.05,1.020537,"02","Saturday","12","03",2016-03-12,"sabado","sabado",NA,NA
"PM31263",2016-03-12 02:30:00,0.08,304,1,79.19184,1.032023,0.2595736,0.07,1.070011,0.05,1.020712,0.05,1.118771,"02","Saturday","12","03",2016-03-12,"sabado","sabado",NA,NA
"PM31451",2016-03-12 01:30:00,0.16,1313,4,10.11765,-0.4912303,0.2639685,0.16,-0.01081472,0.12,-0.01096975,0.12,-0.06003915,"01","Saturday","12","03",2016-03-12,"sabado","sabado",NA,NA
"PM31451",2016-03-12 02:30:00,0.09,806,2,10.11765,-0.4912303,0.2639685,0.1,-0.01081472,0.08,-0.1092252,0.09,-0.01092208,"02","Saturday","12","03",2016-03-12,"sabado","sabado",NA,NA
"PM31881",2016-03-12 01:00:00,0.25,1072,4,68.2853648,0.7630917,0.4134909,0.25,0.9226259,0.22,0.6768183,0.21,0.8240682,"01","Saturday","12","03",2016-03-12,"sabado","sabado",NA,NA
"PM31881",2016-03-12 01:15:00,0.25,1056,4,68.2853648,0.7630917,0.4134909,0.22,0.6769837,0.21,0.8242015,0.19,0.8240682,"01","Saturday","12","03",2016-03-12,"sabado","sabado",NA,NA
"PM31881",2016-03-12 01:30:00,0.22,961,4,50.107953,0.7630917,0.4134909,0.21,0.824369,0.19,0.8242015,0.16,1.020537,"01","Saturday","12","03",2016-03-12,"sabado","sabado",NA,NA
"PM31881",2016-03-12 01:45:00,0.21,892,3,61.0143986,0.7630917,0.4134909,0.19,0.824369,0.16,1.020712,0.15,0.7749512,"01","Saturday","12","03",2016-03-12,"sabado","sabado",NA,NA
"PM31881",2016-03-12 02:00:00,0.19,842,3,61.0143986,0.7630917,0.4134909,0.16,1.020883,0.15,0.7750737,0.12,1.020537,"02","Saturday","12","03",2016-03-12,"sabado","sabado",NA,NA
"PM31881",2016-03-12 02:15:00,0.16,690,3,75.556294,0.7630917,0.4134909,0.15,0.7752406,0.12,1.020712,0.11,0.9714195,"02","Saturday","12","03",2016-03-12,"sabado","sabado",NA,NA
"PM31881",2016-03-12 02:30:00,0.15,644,3,57.3789192,0.7630917,0.4134909,0.12,1.020883,0.11,0.9715846,0.13,0.7749512,"02","Saturday","12","03",2016-03-12,"sabado","sabado",NA,NA
"PM31891",2016-03-12 01:00:00,0.25,1137,4,90.098256,1.103982,0.415901,0.27,1.11914,0.22,0.8733292,0.22,1.217005,"01","Saturday","12","03",2016-03-12,"sabado","sabado",NA,NA
"PM31891",2016-03-12 01:15:00,0.27,1161,4,82.827312,1.103982,0.415901,0.22,0.8734975,0.22,1.217223,0.19,1.118771,"01","Saturday","12","03",2016-03-12,"sabado","sabado",NA,NA
"PM31891",2016-03-12 01:30:00,0.22,932,3,64.6498854,1.103982,0.415901,0.22,1.217397,0.19,1.118968,0.16,1.118771,"01","Saturday","12","03",2016-03-12,"sabado","sabado",NA,NA
"PM31891",2016-03-12 01:45:00,0.22,952,3,90.098256,1.103982,0.415901,0.19,1.11914,0.16,1.118968,0.16,1.069654,"01","Saturday","12","03",2016-03-12,"sabado","sabado",NA,NA
"PM31891",2016-03-12 02:00:00,0.19,820,3,82.827312,1.103982,0.415901,0.16,1.11914,0.16,1.06984,0.13,1.266122,"02","Saturday","12","03",2016-03-12,"sabado","sabado",NA,NA
"PM31891",2016-03-12 02:15:00,0.16,703,3,82.827312,1.103982,0.415901,0.16,1.070011,0.13,1.266351,0.13,1.266122,"02","Saturday","12","03",2016-03-12,"sabado","sabado",NA,NA
"PM31891",2016-03-12 02:30:00,0.16,709,3,79.19184,1.103982,0.415901,0.13,1.266525,0.13,1.266351,0.12,1.217005,"02","Saturday","12","03",2016-03-12,"sabado","sabado",NA,NA
"PM33031",2016-03-12 01:00:00,0.16,576,7,79.19184,0.7837856,0.3260111,0.17,0.9226259,0.18,0.9224569,0.15,0.9714195,"01","Saturday","12","03",2016-03-12,"sabado","sabado",NA,NA
"PM33031",2016-03-12 01:15:00,0.17,612,5,68.2853648,0.7837856,0.3260111,0.18,0.9226259,0.15,0.9715846,0.14,1.020537,"01","Saturday","12","03",2016-03-12,"sabado","sabado",NA,NA
"PM33031",2016-03-12 01:30:00,0.18,616,6,68.2853648,0.7837856,0.3260111,0.15,0.9717544,0.14,1.020712,0.1,0.9714195,"01","Saturday","12","03",2016-03-12,"sabado","sabado",NA,NA
"PM33031",2016-03-12 01:45:00,0.15,484,6,71.9208442,0.7837856,0.3260111,0.14,1.020883,0.1,0.9715846,0.1,1.118771,"01","Saturday","12","03",2016-03-12,"sabado","sabado",NA,NA
"PM33031",2016-03-12 02:00:00,0.14,440,5,75.556294,0.7837856,0.3260111,0.1,0.9717544,0.1,1.118968,0.13,1.217005,"02","Saturday","12","03",2016-03-12,"sabado","sabado",NA,NA
"PM33031",2016-03-12 02:15:00,0.1,351,3,71.9208442,0.7837856,0.3260111,0.1,1.11914,0.13,1.217223,0.07,0.9223024,"02","Saturday","12","03",2016-03-12,"sabado","sabado",NA,NA
"PM33031",2016-03-12 02:30:00,0.1,344,5,82.827312,0.7837856,0.3260111,0.13,1.217397,0.07,0.9224569,0.08,1.118771,"02","Saturday","12","03",2016-03-12,"sabado","sabado",NA,NA
"PM40751",2016-03-12 01:00:00,0.17,396,3,101.004672,1.115292,0.3485609,0.1,0.7752406,0.08,1.118968,0.09,1.413473,"01","Saturday","12","03",2016-03-12,"sabado","sabado",NA,NA
"PM40751",2016-03-12 01:15:00,0.1,244,1,57.3789192,1.115292,0.3485609,0.08,1.11914,0.09,1.413734,0.08,1.118771,"01","Saturday","12","03",2016-03-12,"sabado","sabado",NA,NA
"PM40751",2016-03-12 01:30:00,0.08,167,1,82.827312,1.115292,0.3485609,0.09,1.413911,0.08,1.118968,0.05,0.8731853,"01","Saturday","12","03",2016-03-12,"sabado","sabado",NA,NA
"PM40751",2016-03-12 01:45:00,0.09,199,1,104.640218,1.115292,0.3485609,0.08,1.11914,0.05,0.8733292,0.09,0.676717,"01","Saturday","12","03",2016-03-12,"sabado","sabado",NA,NA
"PM40751",2016-03-12 02:00:00,0.08,196,0,82.827312,1.115292,0.3485609,0.05,0.8734975,0.09,0.6768183,0.07,1.560824,"02","Saturday","12","03",2016-03-12,"sabado","sabado",NA,NA
"PM40751",2016-03-12 02:15:00,0.05,116,0,64.6498854,1.115292,0.3485609,0.09,0.6769837,0.07,1.561117,0.07,1.020537,"02","Saturday","12","03",2016-03-12,"sabado","sabado",NA,NA
"PM40751",2016-03-12 02:30:00,0.09,212,1,50.107953,1.115292,0.3485609,0.07,1.561296,0.07,1.020712,0.04,0.9223024,"02","Saturday","12","03",2016-03-12,"sabado","sabado",NA,NA
"PM40754",2016-03-12 02:00:00,0.1,360,1,6.48216394,-0.8787908,0.390699,0.08,-0.01081472,0.1,-0.1092252,0.09,-0.06003915,"02","Saturday","12","03",2016-03-12,"sabado","sabado",NA,NA
"PM41261",2016-03-12 01:00:00,0.04,168,1,24.659575,0.1502856,0.1739797,0.06,0.1365706,0.04,-0.4039915,0.05,-0.1091562,"01","Saturday","12","03",2016-03-12,"sabado","sabado",NA,NA
"PM41261",2016-03-12 01:15:00,0.06,228,1,10.11765,0.1502856,0.1739797,0.04,-0.4038424,0.05,-0.1092252,0.02,-0.1582733,"01","Saturday","12","03",2016-03-12,"sabado","sabado",NA,NA
"PM41882",2016-03-12 01:00:00,0.06,121,1,17.3886088,-0.9899766,0.206928,0.05,-0.6986131,0.06,-0.06009747,0.05,-1.042381,"01","Saturday","12","03",2016-03-12,"sabado","sabado",NA,NA
"PM41891",2016-03-12 01:00:00,0.12,576,1,97.3692,1.125589,0.3780251,0.11,1.266525,0.09,1.51199,0.07,1.217005,"01","Saturday","12","03",2016-03-12,"sabado","sabado",NA,NA
"PM41891",2016-03-12 01:15:00,0.11,412,1,93.733728,1.125589,0.3780251,0.09,1.512167,0.07,1.217223,0.08,1.069654,"01","Saturday","12","03",2016-03-12,"sabado","sabado",NA,NA
"PM41891",2016-03-12 01:30:00,0.09,372,1,111.911162,1.125589,0.3780251,0.07,1.217397,0.08,1.06984,0.08,1.217005,"01","Saturday","12","03",2016-03-12,"sabado","sabado",NA,NA
"PM41891",2016-03-12 01:45:00,0.07,284,1,90.098256,1.125589,0.3780251,0.08,1.070011,0.08,1.217223,0.06,0.9223024,"01","Saturday","12","03",2016-03-12,"sabado","sabado",NA,NA
"PM41891",2016-03-12 02:00:00,0.08,324,1,79.19184,1.125589,0.3780251,0.08,1.217397,0.06,0.9224569,0.08,1.413473,"02","Saturday","12","03",2016-03-12,"sabado","sabado",NA,NA
"PM41891",2016-03-12 02:15:00,0.08,338,1,90.098256,1.125589,0.3780251,0.06,0.9226259,0.08,1.413734,0.07,1.560824,"02","Saturday","12","03",2016-03-12,"sabado","sabado",NA,NA
"PM41891",2016-03-12 02:30:00,0.06,300,1,68.2853648,1.125589,0.3780251,0.08,1.413911,0.07,1.561117,0.04,1.020537,"02","Saturday","12","03",2016-03-12,"sabado","sabado",NA,NA
"PM41892",2016-03-12 01:00:00,0.04,124,1,6.48216394,-0.5110633,0.1296269,0.03,-0.05994317,0.03,-0.7478855,0.01,-0.8950295,"01","Saturday","12","03",2016-03-12,"sabado","sabado",NA,NA
"PM42052",2016-03-12 01:00:00,0.19,472,1,28.2950618,-0.08543476,0.4405601,0.16,0.1856991,0.16,0.1364134,0.14,0.1364292,"01","Saturday","12","03",2016-03-12,"sabado","sabado",NA,NA
"PM42052",2016-03-12 01:15:00,0.16,404,1,13.7531294,-0.08543476,0.4405601,0.16,0.1365706,0.14,0.1364134,0.11,0.1364292,"01","Saturday","12","03",2016-03-12,"sabado","sabado",NA,NA
"PM42052",2016-03-12 01:30:00,0.16,380,1,10.11765,-0.08543476,0.4405601,0.14,0.1365706,0.11,0.1364134,0.12,0.3820145,"01","Saturday","12","03",2016-03-12,"sabado","sabado",NA,NA
"PM42052",2016-03-12 01:45:00,0.14,288,1,10.11765,-0.08543476,0.4405601,0.11,0.1365706,0.12,0.382052,0.12,0.1364292,"01","Saturday","12","03",2016-03-12,"sabado","sabado",NA,NA
"PM42052",2016-03-12 02:00:00,0.11,268,0,10.11765,-0.08543476,0.4405601,0.12,0.3822129,0.12,0.1364134,0.1,0.3328975,"02","Saturday","12","03",2016-03-12,"sabado","sabado",NA,NA
"PM42052",2016-03-12 02:15:00,0.12,292,1,28.2950618,-0.08543476,0.4405601,0.12,0.1365706,0.1,0.3329243,0.11,0.3328975,"02","Saturday","12","03",2016-03-12,"sabado","sabado",NA,NA
"PM42052",2016-03-12 02:30:00,0.12,271,0,10.11765,-0.08543476,0.4405601,0.1,0.3330845,0.11,0.3329243,0.1,0.3328975,"02","Saturday","12","03",2016-03-12,"sabado","sabado",NA,NA
"PM43001",2016-03-12 01:00:00,0.11,784,1,53.7434324,0.3512457,0.2850988,0.13,0.5787268,0.1,0.725946,0.07,0.5784828,"01","Saturday","12","03",2016-03-12,"sabado","sabado",NA,NA
"PM43001",2016-03-12 01:15:00,0.13,764,1,42.8369868,0.3512457,0.2850988,0.1,0.7261121,0.07,0.5785629,0.09,0.7258341,"01","Saturday","12","03",2016-03-12,"sabado","sabado",NA,NA
"PM43001",2016-03-12 01:30:00,0.1,624,2,53.7434324,0.3512457,0.2850988,0.07,0.5787268,0.09,0.725946,0.08,0.7749512,"01","Saturday","12","03",2016-03-12,"sabado","sabado",NA,NA
"PM43001",2016-03-12 01:45:00,0.07,464,1,42.8369868,0.3512457,0.2850988,0.09,0.7261121,0.08,0.7750737,0.08,0.7749512,"01","Saturday","12","03",2016-03-12,"sabado","sabado",NA,NA
"PM43001",2016-03-12 02:00:00,0.09,524,2,53.7434324,0.3512457,0.2850988,0.08,0.7752406,0.08,0.7750737,0.06,0.676717,"02","Saturday","12","03",2016-03-12,"sabado","sabado",NA,NA
"PM43001",2016-03-12 02:15:00,0.08,536,1,57.3789192,0.3512457,0.2850988,0.08,0.7752406,0.06,0.6768183,0.07,0.6275999,"02","Saturday","12","03",2016-03-12,"sabado","sabado",NA,NA
"PM43001",2016-03-12 02:30:00,0.08,460,1,57.3789192,0.3512457,0.2850988,0.06,0.6769837,0.07,0.6276906,0.05,0.7749512,"02","Saturday","12","03",2016-03-12,"sabado","sabado",NA,NA
"PM43011",2016-03-12 01:00:00,0.11,569,2,57.3789192,0.4177784,0.2608832,0.1,0.7752406,0.07,0.725946,0.07,0.5293658,"01","Saturday","12","03",2016-03-12,"sabado","sabado",NA,NA
"PM43011",2016-03-12 01:15:00,0.1,584,2,57.3789192,0.4177784,0.2608832,0.07,0.7261121,0.07,0.5294352,0.07,0.7258341,"01","Saturday","12","03",2016-03-12,"sabado","sabado",NA,NA
"PM43011",2016-03-12 01:30:00,0.07,420,2,53.7434324,0.4177784,0.2608832,0.07,0.5295983,0.07,0.725946,0.08,0.8240682,"01","Saturday","12","03",2016-03-12,"sabado","sabado",NA,NA
"PM43011",2016-03-12 01:45:00,0.07,408,2,39.2015074,0.4177784,0.2608832,0.07,0.7261121,0.08,0.8242015,0.08,0.7258341,"01","Saturday","12","03",2016-03-12,"sabado","sabado",NA,NA
"PM43011",2016-03-12 02:00:00,0.07,396,2,53.7434324,0.4177784,0.2608832,0.08,0.824369,0.08,0.725946,0.04,0.676717,"02","Saturday","12","03",2016-03-12,"sabado","sabado",NA,NA
"PM43011",2016-03-12 02:15:00,0.08,450,2,61.0143986,0.4177784,0.2608832,0.08,0.7261121,0.04,0.6768183,0.05,0.6275999,"02","Saturday","12","03",2016-03-12,"sabado","sabado",NA,NA
"PM43011",2016-03-12 02:30:00,0.08,380,2,53.7434324,0.4177784,0.2608832,0.04,0.6769837,0.05,0.6276906,0.03,1.020537,"02","Saturday","12","03",2016-03-12,"sabado","sabado",NA,NA
"PM43032",2016-03-12 01:15:00,0.09,161,2,17.3886088,-0.6367924,0.2564948,0.06,-0.1582001,0.07,-0.1583529,0.08,0.1364292,"01","Saturday","12","03",2016-03-12,"sabado","sabado",NA,NA
"PM43032",2016-03-12 02:00:00,0.08,132,1,10.11765,-0.6367924,0.2564948,0.05,-0.4529708,0.04,-0.6496301,0.03,-1.435317,"02","Saturday","12","03",2016-03-12,"sabado","sabado",NA,NA
"PM43202",2016-03-12 01:00:00,0.03,65,0,17.3886088,0.7789951,0.2066099,0.03,-1.140769,0.02,-1.190035,0.02,-1.091498,"01","Saturday","12","03",2016-03-12,"sabado","sabado",NA,NA
"PM43222",2016-03-12 01:15:00,0.06,120,2,2.84668158,-0.6637629,0.205481,0.05,-0.3055855,0.04,-0.7970132,0.05,-0.6494441,"01","Saturday","12","03",2016-03-12,"sabado","sabado",NA,NA
"PM43223",2016-03-12 02:15:00,0.13,296,2,10.11765,-0.6774844,0.3249593,0.12,0.283956,0.12,0.2837966,0.12,0.2346633,"02","Saturday","12","03",2016-03-12,"sabado","sabado",NA,NA
"PM43223",2016-03-12 02:30:00,0.12,256,2,21.0240956,-0.6774844,0.3249593,0.12,0.283956,0.12,0.2346688,0.11,-0.1091562,"02","Saturday","12","03",2016-03-12,"sabado","sabado",NA,NA
